profile,origin,days,seed,completed_days,skipped_days,return_count,recovery_days,burnout,action_concentration,ending_band,xp,material
perfect,lost,30,0,30,0,0,4,1.62,0.217,open,600.0,60.0
cautious,lost,30,0,19,11,7,3,0,0.211,returning,177.84,19.0
balanced,lost,30,0,24,6,6,3,1.04,0.25,returning,470.4,48.0
chaotic,lost,30,0,15,15,10,1,5.8,0.244,returning,466.2,45.0
high_skip,lost,30,0,8,22,5,2,0,0.25,returning,75.52,8.0
returning,lost,30,0,15,15,9,1,0.58,0.3,returning,289.2,30.0
overload,lost,30,0,28,2,2,4,72.09,0.225,overloaded,1209.9,111.0
optimizer,lost,30,0,27,3,3,4,1.57,0.185,open,822.96,81.0
low_energy,lost,30,0,13,17,8,4,0,0.385,returning,119.08,13.0
adversarial,lost,30,0,27,3,3,7,74.65,0.194,overloaded,1431.9,129.0
perfect,burnout,30,0,29,1,0,4,0,0.241,open,580.0,58.0
cautious,burnout,30,0,17,13,5,2,0,0.294,returning,159.12,17.0
balanced,burnout,30,0,22,8,7,4,0,0.227,returning,431.2,44.0
chaotic,burnout,30,0,12,18,6,1,0,0.222,returning,372.96,36.0
high_skip,burnout,30,0,6,24,4,1,0,0.333,returning,56.64,6.0
returning,burnout,30,0,17,13,7,3,0.29,0.294,returning,327.76,34.0
overload,burnout,30,0,26,4,3,3,71.93,0.204,open,1068.2,98.0
optimizer,burnout,30,0,28,2,2,2,27.45,0.179,open,853.44,84.0
low_energy,burnout,30,0,13,17,7,5,0,0.385,returning,119.08,13.0
adversarial,burnout,30,0,20,10,7,3,74.15,0.222,returning,1098.9,99.0
perfect,potential,30,0,30,0,0,4,1.62,0.283,open,600.0,60.0
cautious,potential,30,0,20,10,5,2,0,0.3,returning,187.2,20.0
balanced,potential,30,0,25,5,3,3,0.52,0.26,open,490.0,50.0
chaotic,potential,30,0,8,22,6,1,0,0.292,returning,248.64,24.0
high_skip,potential,30,0,5,25,5,1,0,0.4,returning,47.2,5.0
returning,potential,30,0,16,14,6,2,0,0.25,returning,308.48,32.0
overload,potential,30,0,26,4,4,3,68.11,0.218,returning,1100.9,101.0
optimizer,potential,30,0,27,3,3,4,1.57,0.198,open,822.96,81.0
low_energy,potential,30,0,17,13,8,3,0,0.353,returning,155.72,17.0
adversarial,potential,30,0,21,9,6,3,71.75,0.208,returning,1121.1,101.0
perfect,return,30,0,30,0,0,4,1.62,0.2,open,600.0,60.0
cautious,return,30,0,15,15,7,2,0,0.333,returning,140.4,15.0
balanced,return,30,0,22,8,7,3,0,0.227,returning,431.2,44.0
chaotic,return,30,0,10,20,6,2,0,0.267,returning,310.8,30.0
high_skip,return,30,0,5,25,4,1,0,0.4,returning,47.2,5.0
returning,return,30,0,13,17,8,2,0.29,0.231,returning,250.64,26.0
overload,return,30,0,28,2,2,4,72.09,0.216,overloaded,1209.9,111.0
optimizer,return,30,0,29,1,1,4,3.13,0.195,open,883.92,87.0
low_energy,return,30,0,17,13,5,4,0,0.353,returning,155.72,17.0
adversarial,return,30,0,15,15,8,2,38.26,0.213,returning,832.5,75.0
perfect,lost,90,0,90,0,0,12,4.87,0.189,open,1800.0,180.0
cautious,lost,90,0,58,32,17,6,0,0.207,returning,542.88,58.0
balanced,lost,90,0,74,16,12,8,3.13,0.203,returning,1450.4,148.0
chaotic,lost,90,0,41,49,21,6,4.0,0.211,returning,1274.28,123.0
high_skip,lost,90,0,18,72,17,3,0,0.278,returning,169.92,18.0
returning,lost,90,0,51,39,20,7,0,0.206,returning,983.28,102.0
overload,lost,90,0,79,11,9,19,75.71,0.176,returning,3150.1,289.0
optimizer,lost,90,0,82,8,8,12,5.63,0.195,sustainable,2499.36,246.0
low_energy,lost,90,0,41,49,23,13,0,0.244,returning,375.56,41.0
adversarial,lost,90,0,64,26,21,21,74.65,0.207,returning,3318.9,299.0
perfect,burnout,90,0,89,1,1,11,4.87,0.191,open,1780.0,178.0
cautious,burnout,90,0,55,35,22,7,0,0.273,returning,514.8,55.0
balanced,burnout,90,0,74,16,13,11,0.52,0.243,returning,1450.4,148.0
chaotic,burnout,90,0,47,43,24,8,0,0.248,returning,1460.76,141.0
high_skip,burnout,90,0,25,65,18,5,0,0.28,returning,236.0,25.0
returning,burnout,90,0,55,35,23,9,0,0.236,returning,1060.4,110.0
overload,burnout,90,0,82,8,7,21,68.36,0.186,sustainable,3161.0,290.0
optimizer,burnout,90,0,83,7,6,10,14.58,0.193,sustainable,2529.84,249.0
low_energy,burnout,90,0,44,46,23,13,0,0.25,returning,403.04,44.0
adversarial,burnout,90,0,60,30,17,19,70.78,0.183,returning,3096.9,279.0
perfect,potential,90,0,88,2,2,12,4.87,0.193,sustainable,1760.0,176.0
cautious,potential,90,0,57,33,20,8,0,0.211,returning,533.52,57.0
balanced,potential,90,0,72,18,15,11,0,0.243,returning,1411.2,144.0
chaotic,potential,90,0,43,47,22,6,0,0.225,sustainable,1336.44,129.0
high_skip,potential,90,0,26,64,17,7,0,0.269,returning,245.44,26.0
returning,potential,90,0,58,32,22,6,0.58,0.276,returning,1118.24,116.0
overload,potential,90,0,80,10,9,19,77.91,0.19,returning,3150.1,289.0
optimizer,potential,90,0,84,6,6,11,9.4,0.194,sustainable,2560.32,252.0
low_energy,potential,90,0,39,51,26,16,0,0.231,returning,357.24,39.0
adversarial,potential,90,0,62,28,23,19,71.79,0.188,returning,3130.2,282.0
perfect,return,90,0,87,3,3,12,4.87,0.201,open,1740.0,174.0
cautious,return,90,0,51,39,20,9,0,0.216,returning,477.36,51.0
balanced,return,90,0,74,16,13,11,3.13,0.236,returning,1450.4,148.0
chaotic,return,90,0,39,51,22,5,3.6,0.222,returning,1212.12,117.0
high_skip,return,90,0,16,74,14,3,0,0.312,returning,151.04,16.0
returning,return,90,0,52,38,26,5,0,0.202,returning,1002.56,104.0
overload,return,90,0,78,12,10,19,67.16,0.198,sustainable,3084.7,283.0
optimizer,return,90,0,86,4,4,11,9.4,0.194,sustainable,2621.28,258.0
low_energy,return,90,0,41,49,23,17,0,0.22,returning,375.56,41.0
adversarial,return,90,0,64,26,22,21,72.24,0.182,returning,3296.7,297.0
perfect,lost,180,0,179,1,1,25,4.06,0.19,integrated,3580.0,358.0
cautious,lost,180,0,112,68,41,19,0,0.223,returning,1048.32,112.0
balanced,lost,180,0,134,46,36,20,2.09,0.183,sustainable,2626.4,268.0
chaotic,lost,180,0,88,92,42,9,2.0,0.201,sustainable,2735.04,264.0
high_skip,lost,180,0,44,136,32,8,0,0.25,returning,415.36,44.0
returning,lost,180,0,99,81,45,15,0,0.237,returning,1908.72,198.0
overload,lost,180,0,159,21,17,44,66.62,0.184,sustainable,6114.9,561.0
optimizer,lost,180,0,168,12,11,25,7.83,0.198,integrated,5120.64,504.0
low_energy,lost,180,0,85,95,48,38,0,0.224,returning,778.6,85.0
adversarial,lost,180,0,135,45,36,51,74.73,0.184,returning,6748.8,608.0
perfect,burnout,180,0,178,2,2,25,4.06,0.202,sustainable,3560.0,356.0
cautious,burnout,180,0,112,68,44,16,0,0.214,returning,1048.32,112.0
balanced,burnout,180,0,141,39,34,18,0.52,0.188,sustainable,2763.6,282.0
chaotic,burnout,180,0,77,103,47,6,2.0,0.229,sustainable,2393.16,231.0
high_skip,burnout,180,0,54,126,38,11,0,0.296,returning,509.76,54.0
returning,burnout,180,0,108,72,43,21,0.29,0.194,returning,2082.24,216.0
overload,burnout,180,0,157,23,19,43,73.87,0.178,returning,6049.5,555.0
optimizer,burnout,180,0,172,8,7,24,0.3,0.194,integrated,5242.56,516.0
low_energy,burnout,180,0,84,96,38,26,0,0.238,returning,769.44,84.0
adversarial,burnout,180,0,115,65,45,39,73.45,0.184,returning,5860.8,528.0
perfect,potential,180,0,179,1,1,25,4.06,0.198,integrated,3580.0,358.0
cautious,potential,180,0,109,71,37,14,0,0.202,returning,1020.24,109.0
balanced,potential,180,0,148,32,24,22,0.52,0.216,sustainable,2900.8,296.0
chaotic,potential,180,0,79,101,37,14,5.8,0.186,sustainable,2455.32,237.0
high_skip,potential,180,0,45,135,32,4,0,0.222,returning,424.8,45.0
returning,potential,180,0,102,78,41,13,0,0.196,sustainable,1966.56,204.0
overload,potential,180,0,156,24,24,42,73.55,0.19,returning,6027.7,553.0
optimizer,potential,180,0,172,8,8,22,21.88,0.198,integrated,5242.56,516.0
low_energy,potential,180,0,95,85,48,34,0,0.2,returning,870.2,95.0
adversarial,potential,180,0,120,60,41,42,72.13,0.211,returning,6116.1,551.0
perfect,return,180,0,178,2,2,25,4.06,0.191,integrated,3560.0,356.0
cautious,return,180,0,112,68,47,16,0,0.196,returning,1048.32,112.0
balanced,return,180,0,135,45,38,12,2.61,0.207,sustainable,2646.0,270.0
chaotic,return,180,0,75,105,45,8,0,0.218,sustainable,2331.0,225.0
high_skip,return,180,0,38,142,24,4,0,0.237,returning,358.72,38.0
returning,return,180,0,109,71,43,15,0,0.188,sustainable,2101.52,218.0
overload,return,180,0,160,20,18,44,73.05,0.198,returning,6158.5,565.0
optimizer,return,180,0,171,9,9,25,7.83,0.197,integrated,5212.08,513.0
low_energy,return,180,0,86,94,46,32,0,0.186,returning,787.76,86.0
adversarial,return,180,0,131,49,35,50,64.89,0.176,sustainable,6637.8,598.0
perfect,lost,30,1,30,0,0,4,1.62,0.217,open,600.0,60.0
cautious,lost,30,1,18,12,8,3,0,0.333,returning,168.48,18.0
balanced,lost,30,1,21,9,8,3,0,0.238,returning,411.6,42.0
chaotic,lost,30,1,16,14,9,1,0,0.208,returning,497.28,48.0
high_skip,lost,30,1,3,27,3,0,0,0.333,open,28.32,3.0
returning,lost,30,1,17,13,6,3,0,0.265,returning,327.76,34.0
overload,lost,30,1,28,2,2,4,72.09,0.198,overloaded,1209.9,111.0
optimizer,lost,30,1,27,3,2,4,0,0.198,open,822.96,81.0
low_energy,lost,30,1,18,12,8,8,0,0.278,returning,164.88,18.0
adversarial,lost,30,1,20,10,8,4,57.35,0.2,returning,1110.0,100.0
perfect,burnout,30,1,30,0,0,4,1.62,0.233,open,600.0,60.0
cautious,burnout,30,1,19,11,8,3,0,0.263,returning,177.84,19.0
balanced,burnout,30,1,19,11,7,2,1.04,0.211,returning,372.4,38.0
chaotic,burnout,30,1,13,17,8,2,0,0.256,returning,404.04,39.0
high_skip,burnout,30,1,8,22,5,1,0,0.375,returning,75.52,8.0
returning,burnout,30,1,21,9,6,1,0.58,0.19,returning,404.88,42.0
overload,burnout,30,1,28,2,2,5,65.98,0.193,open,1188.1,109.0
optimizer,burnout,30,1,27,3,3,4,3.13,0.198,open,822.96,81.0
low_energy,burnout,30,1,11,19,10,4,0,0.273,returning,100.76,11.0
adversarial,burnout,30,1,20,10,5,3,71.74,0.216,returning,1076.7,97.0
perfect,potential,30,1,30,0,0,4,1.62,0.25,open,600.0,60.0
cautious,potential,30,1,16,14,9,2,0,0.25,returning,149.76,16.0
balanced,potential,30,1,25,5,4,3,1.04,0.22,returning,490.0,50.0
chaotic,potential,30,1,15,15,6,1,4.0,0.289,returning,466.2,45.0
high_skip,potential,30,1,8,22,4,1,0,0.375,returning,75.52,8.0
returning,potential,30,1,16,14,6,2,0.29,0.25,returning,308.48,32.0
overload,potential,30,1,28,2,2,4,72.09,0.207,overloaded,1209.9,111.0
optimizer,potential,30,1,26,4,4,4,3.13,0.192,returning,792.48,78.0
low_energy,potential,30,1,14,16,8,4,0,0.357,returning,128.24,14.0
adversarial,potential,30,1,20,10,6,3,68.35,0.21,returning,1110.0,100.0
perfect,return,30,1,30,0,0,4,1.62,0.217,open,600.0,60.0
cautious,return,30,1,18,12,7,3,0,0.278,returning,168.48,18.0
balanced,return,30,1,22,8,7,3,0.52,0.25,returning,431.2,44.0
chaotic,return,30,1,19,11,7,2,0,0.246,returning,590.52,57.0
high_skip,return,30,1,9,21,7,1,0,0.333,returning,84.96,9.0
returning,return,30,1,18,12,7,3,0,0.222,returning,347.04,36.0
overload,return,30,1,27,3,2,4,65.66,0.196,open,1166.3,107.0
optimizer,return,30,1,27,3,2,4,3.13,0.198,open,822.96,81.0
low_energy,return,30,1,19,11,8,6,0,0.211,returning,174.04,19.0
adversarial,return,30,1,22,8,6,4,72.58,0.22,returning,1209.9,109.0
perfect,lost,90,1,89,1,1,12,4.87,0.213,open,1780.0,178.0
cautious,lost,90,1,57,33,20,9,0,0.211,returning,533.52,57.0
balanced,lost,90,1,71,19,17,11,1.57,0.197,returning,1391.6,142.0
chaotic,lost,90,1,44,46,24,7,0,0.189,returning,1367.52,132.0
high_skip,lost,90,1,29,61,21,3,0,0.241,returning,273.76,29.0
returning,lost,90,1,60,30,21,7,0.58,0.192,returning,1156.8,120.0
overload,lost,90,1,81,9,9,20,73.34,0.201,returning,3193.7,293.0
optimizer,lost,90,1,84,6,4,11,9.4,0.194,sustainable,2560.32,252.0
low_energy,lost,90,1,47,43,24,20,0,0.213,returning,430.52,47.0
adversarial,lost,90,1,70,20,12,25,75.14,0.185,returning,3607.5,325.0
perfect,burnout,90,1,90,0,0,12,4.87,0.2,open,1800.0,180.0
cautious,burnout,90,1,54,36,21,7,0,0.259,returning,505.44,54.0
balanced,burnout,90,1,70,20,17,9,2.09,0.229,returning,1372.0,140.0
chaotic,burnout,90,1,43,47,22,8,2.0,0.209,returning,1336.44,129.0
high_skip,burnout,90,1,21,69,11,4,0,0.286,returning,198.24,21.0
returning,burnout,90,1,53,37,22,7,0,0.208,returning,1021.84,106.0
overload,burnout,90,1,79,11,10,19,76.36,0.201,returning,3084.7,283.0
optimizer,burnout,90,1,83,7,7,11,9.02,0.193,sustainable,2529.84,249.0
low_energy,burnout,90,1,44,46,23,14,0,0.318,returning,403.04,44.0
adversarial,burnout,90,1,60,30,23,19,67.17,0.199,sustainable,3063.6,276.0
perfect,potential,90,1,88,2,2,12,4.87,0.193,sustainable,1760.0,176.0
cautious,potential,90,1,48,42,20,6,0,0.229,returning,449.28,48.0
balanced,potential,90,1,76,14,12,11,0.52,0.211,returning,1489.6,152.0
chaotic,potential,90,1,44,46,25,7,4.0,0.205,sustainable,1367.52,132.0
high_skip,potential,90,1,20,70,12,3,0,0.25,returning,188.8,20.0
returning,potential,90,1,54,36,24,6,0.29,0.231,returning,1041.12,108.0
overload,potential,90,1,80,10,8,20,69.36,0.193,sustainable,3161.0,290.0
optimizer,potential,90,1,85,5,4,12,5.63,0.196,sustainable,2590.8,255.0
low_energy,potential,90,1,48,42,19,16,0,0.25,returning,439.68,48.0
adversarial,potential,90,1,55,35,24,14,75.28,0.187,returning,2797.2,252.0
perfect,return,90,1,89,1,0,12,1.86,0.202,sustainable,1780.0,178.0
cautious,return,90,1,62,28,18,9,0,0.258,returning,580.32,62.0
balanced,return,90,1,65,25,17,8,0.52,0.215,returning,1274.0,130.0
chaotic,return,90,1,43,47,24,5,1.8,0.202,returning,1336.44,129.0
high_skip,return,90,1,25,65,19,5,0,0.28,returning,236.0,25.0
returning,return,90,1,44,46,28,5,0.58,0.205,returning,848.32,88.0
overload,return,90,1,77,13,12,18,73.84,0.192,returning,3062.9,281.0
optimizer,return,90,1,85,5,5,11,12.83,0.192,sustainable,2590.8,255.0
low_energy,return,90,1,41,49,26,13,0,0.22,returning,375.56,41.0
adversarial,return,90,1,57,33,22,16,75.73,0.236,returning,2963.7,267.0
perfect,lost,180,1,180,0,0,25,4.06,0.211,integrated,3600.0,360.0
cautious,lost,180,1,100,80,46,13,0,0.25,returning,936.0,100.0
balanced,lost,180,1,152,28,27,22,2.61,0.188,sustainable,2979.2,304.0
chaotic,lost,180,1,89,91,46,11,7.61,0.199,sustainable,2766.12,267.0
high_skip,lost,180,1,50,130,37,6,0,0.26,returning,472.0,50.0
returning,lost,180,1,104,76,48,15,0.29,0.207,returning,2005.12,208.0
overload,lost,180,1,157,23,22,43,73.22,0.185,returning,6114.9,561.0
optimizer,lost,180,1,170,10,9,25,7.83,0.198,integrated,5181.6,510.0
low_energy,lost,180,1,84,96,50,26,0,0.286,returning,769.44,84.0
adversarial,lost,180,1,131,49,36,49,67.47,0.193,sustainable,6560.1,591.0
perfect,burnout,180,1,178,2,2,25,4.06,0.194,sustainable,3560.0,356.0
cautious,burnout,180,1,116,64,41,16,0,0.216,returning,1085.76,116.0
balanced,burnout,180,1,143,37,26,20,2.61,0.203,sustainable,2802.8,286.0
chaotic,burnout,180,1,83,97,46,15,0,0.205,sustainable,2579.64,249.0
high_skip,burnout,180,1,42,138,33,8,0,0.238,returning,396.48,42.0
returning,burnout,180,1,110,70,40,20,0,0.2,returning,2120.8,220.0
overload,burnout,180,1,147,33,29,38,74.05,0.181,returning,5711.6,524.0
optimizer,burnout,180,1,167,13,12,25,7.83,0.198,integrated,5090.16,501.0
low_energy,burnout,180,1,92,88,38,29,0,0.207,returning,842.72,92.0
adversarial,burnout,180,1,139,41,30,55,71.8,0.192,returning,6981.9,629.0
perfect,potential,180,1,178,2,2,25,4.06,0.197,integrated,3560.0,356.0
cautious,potential,180,1,117,63,42,15,0,0.239,returning,1095.12,117.0
balanced,potential,180,1,138,42,33,24,2.61,0.21,sustainable,2704.8,276.0
chaotic,potential,180,1,78,102,49,10,0,0.201,sustainable,2424.24,234.0
high_skip,potential,180,1,50,130,40,7,0,0.22,returning,472.0,50.0
returning,potential,180,1,92,88,47,9,0.29,0.201,sustainable,1773.76,184.0
overload,potential,180,1,154,26,22,41,74.86,0.19,returning,5973.2,548.0
optimizer,potential,180,1,161,19,16,20,7.83,0.195,integrated,4907.28,483.0
low_energy,potential,180,1,83,97,47,29,0,0.217,returning,760.28,83.0
adversarial,potential,180,1,116,64,43,39,68.65,0.182,sustainable,5860.8,528.0
perfect,return,180,1,177,3,2,24,4.06,0.178,integrated,3540.0,354.0
cautious,return,180,1,93,87,46,10,0,0.215,returning,870.48,93.0
balanced,return,180,1,132,48,35,18,0.52,0.186,sustainable,2587.2,264.0
chaotic,return,180,1,101,79,42,17,1.8,0.205,integrated,3139.08,303.0
high_skip,return,180,1,48,132,35,7,0,0.208,returning,453.12,48.0
returning,return,180,1,107,73,40,12,1.45,0.201,sustainable,2062.96,214.0
overload,return,180,1,160,20,18,44,73.05,0.179,returning,6158.5,565.0
optimizer,return,180,1,166,14,14,25,4.7,0.197,integrated,5059.68,498.0
low_energy,return,180,1,88,92,38,35,0,0.216,returning,806.08,88.0
adversarial,return,180,1,125,55,38,44,75.57,0.194,returning,6249.3,563.0
perfect,lost,30,2,30,0,0,4,1.62,0.217,open,600.0,60.0
cautious,lost,30,2,22,8,5,2,0,0.273,returning,205.92,22.0
balanced,lost,30,2,27,3,2,4,0,0.241,open,529.2,54.0
chaotic,lost,30,2,11,19,5,2,0,0.212,returning,341.88,33.0
high_skip,lost,30,2,9,21,6,0,0,0.333,returning,84.96,9.0
returning,lost,30,2,18,12,8,2,0,0.278,returning,347.04,36.0
overload,lost,30,2,28,2,2,4,72.09,0.216,overloaded,1209.9,111.0
optimizer,lost,30,2,29,1,1,4,3.13,0.195,open,883.92,87.0
low_energy,lost,30,2,12,18,8,3,0,0.333,returning,109.92,12.0
adversarial,lost,30,2,23,7,6,5,68.6,0.239,returning,1254.3,113.0
perfect,burnout,30,2,30,0,0,4,1.62,0.317,open,600.0,60.0
cautious,burnout,30,2,17,13,7,2,0,0.412,returning,159.12,17.0
balanced,burnout,30,2,23,7,7,3,1.04,0.304,returning,450.8,46.0
chaotic,burnout,30,2,13,17,9,2,2.0,0.205,returning,404.04,39.0
high_skip,burnout,30,2,10,20,7,0,0,0.3,returning,94.4,10.0
returning,burnout,30,2,14,16,7,1,0,0.25,returning,269.92,28.0
overload,burnout,30,2,27,3,3,4,70.54,0.219,open,1144.5,105.0
optimizer,burnout,30,2,29,1,1,4,9.21,0.184,open,883.92,87.0
low_energy,burnout,30,2,10,20,6,4,0,0.4,returning,91.6,10.0
adversarial,burnout,30,2,21,9,5,4,72.57,0.2,returning,1165.5,105.0
perfect,potential,30,2,30,0,0,4,1.62,0.217,open,600.0,60.0
cautious,potential,30,2,15,15,8,1,0,0.4,returning,140.4,15.0
balanced,potential,30,2,22,8,6,4,0.52,0.25,returning,431.2,44.0
chaotic,potential,30,2,14,16,9,2,2.0,0.262,returning,435.12,42.0
high_skip,potential,30,2,9,21,4,1,0,0.556,returning,84.96,9.0
returning,potential,30,2,18,12,6,3,0,0.25,returning,347.04,36.0
overload,potential,30,2,29,1,1,4,75.35,0.214,overloaded,1220.8,112.0
optimizer,potential,30,2,27,3,3,4,3.13,0.198,open,822.96,81.0
low_energy,potential,30,2,13,17,8,4,0,0.308,returning,119.08,13.0
adversarial,potential,30,2,19,11,7,2,68.73,0.204,returning,1032.3,93.0
perfect,return,30,2,30,0,0,4,1.62,0.25,open,600.0,60.0
cautious,return,30,2,19,11,9,4,0,0.263,returning,177.84,19.0
balanced,return,30,2,23,7,5,4,0.52,0.196,returning,450.8,46.0
chaotic,return,30,2,15,15,7,3,0,0.289,returning,466.2,45.0
high_skip,return,30,2,8,22,6,0,0,0.5,returning,75.52,8.0
returning,return,30,2,23,7,6,4,0.58,0.239,returning,443.44,46.0
overload,return,30,2,28,2,2,4,72.09,0.207,overloaded,1209.9,111.0
optimizer,return,30,2,28,2,2,4,3.13,0.19,open,853.44,84.0
low_energy,return,30,2,12,18,7,6,0,0.333,returning,109.92,12.0
adversarial,return,30,2,22,8,7,4,68.97,0.217,returning,1176.6,106.0
perfect,lost,90,2,90,0,0,12,4.87,0.194,open,1800.0,180.0
cautious,lost,90,2,62,28,21,8,0,0.258,returning,580.32,62.0
balanced,lost,90,2,66,24,16,7,0,0.205,returning,1293.6,132.0
chaotic,lost,90,2,39,51,22,9,5.8,0.222,returning,1212.12,117.0
high_skip,lost,90,2,26,64,18,1,0,0.231,returning,245.44,26.0
returning,lost,90,2,50,40,24,7,0,0.2,returning,964.0,100.0
overload,lost,90,2,80,10,10,19,76.85,0.191,returning,3139.2,288.0
optimizer,lost,90,2,84,6,6,12,4.06,0.19,sustainable,2560.32,252.0
low_energy,lost,90,2,48,42,23,15,0,0.229,returning,439.68,48.0
adversarial,lost,90,2,56,34,21,16,67.52,0.187,sustainable,2908.2,262.0
perfect,burnout,90,2,90,0,0,12,4.87,0.211,open,1800.0,180.0
cautious,burnout,90,2,62,28,19,9,0,0.258,returning,580.32,62.0
balanced,burnout,90,2,68,22,18,11,1.04,0.191,returning,1332.8,136.0
chaotic,burnout,90,2,54,36,21,9,10.0,0.241,returning,1678.32,162.0
high_skip,burnout,90,2,21,69,13,2,0,0.381,returning,198.24,21.0
returning,burnout,90,2,50,40,23,8,0.29,0.22,returning,964.0,100.0
overload,burnout,90,2,81,9,8,21,69.34,0.198,sustainable,3193.7,293.0
optimizer,burnout,90,2,83,7,6,12,9.4,0.193,sustainable,2529.84,249.0
low_energy,burnout,90,2,40,50,22,12,0,0.225,returning,366.4,40.0
adversarial,burnout,90,2,66,24,13,23,72.47,0.232,returning,3396.6,306.0
perfect,potential,90,2,89,1,1,12,4.87,0.191,sustainable,1780.0,178.0
cautious,potential,90,2,55,35,21,5,0,0.273,returning,514.8,55.0
balanced,potential,90,2,61,29,21,10,1.57,0.213,returning,1195.6,122.0
chaotic,potential,90,2,48,42,21,5,5.8,0.215,sustainable,1491.84,144.0
high_skip,potential,90,2,15,75,13,2,0,0.333,returning,141.6,15.0
returning,potential,90,2,52,38,24,6,0.58,0.24,returning,1002.56,104.0
overload,potential,90,2,76,14,11,17,73.11,0.184,returning,2964.8,272.0
optimizer,potential,90,2,88,2,2,12,9.4,0.193,sustainable,2682.24,264.0
low_energy,potential,90,2,36,54,23,13,0,0.25,returning,329.76,36.0
adversarial,potential,90,2,68,22,18,23,74.69,0.232,returning,3441.0,310.0
perfect,return,90,2,90,0,0,12,4.87,0.2,sustainable,1800.0,180.0
cautious,return,90,2,53,37,21,10,0,0.208,returning,496.08,53.0
balanced,return,90,2,64,26,17,7,3.13,0.219,returning,1254.4,128.0
chaotic,return,90,2,39,51,22,5,2.61,0.197,returning,1212.12,117.0
high_skip,return,90,2,24,66,14,4,0,0.25,returning,226.56,24.0
returning,return,90,2,52,38,21,7,0,0.183,returning,1002.56,104.0
overload,return,90,2,79,11,11,19,71.47,0.186,returning,3106.5,285.0
optimizer,return,90,2,83,7,6,11,12.83,0.193,sustainable,2529.84,249.0
low_energy,return,90,2,45,45,20,17,0,0.244,returning,412.2,45.0
adversarial,return,90,2,60,30,17,18,75.72,0.215,returning,3096.9,279.0
perfect,lost,180,2,178,2,2,25,4.06,0.228,sustainable,3560.0,356.0
cautious,lost,180,2,114,66,39,16,0,0.263,returning,1067.04,114.0
balanced,lost,180,2,142,38,33,20,2.61,0.18,sustainable,2783.2,284.0
chaotic,lost,180,2,88,92,44,14,0,0.193,sustainable,2735.04,264.0
high_skip,lost,180,2,47,133,39,9,0,0.298,returning,443.68,47.0
returning,lost,180,2,106,74,37,14,1.45,0.208,sustainable,2043.68,212.0
overload,lost,180,2,156,24,18,42,73.55,0.177,returning,6027.7,553.0
optimizer,lost,180,2,169,11,11,24,7.83,0.195,integrated,5151.12,507.0
low_energy,lost,180,2,80,100,52,33,0,0.212,returning,732.8,80.0
adversarial,lost,180,2,127,53,35,47,71.04,0.19,returning,6471.3,583.0
perfect,burnout,180,2,178,2,2,25,4.06,0.185,sustainable,3560.0,356.0
cautious,burnout,180,2,110,70,40,14,0,0.191,returning,1029.6,110.0
balanced,burnout,180,2,143,37,32,23,0,0.189,sustainable,2802.8,286.0
chaotic,burnout,180,2,96,84,42,14,8.0,0.188,sustainable,2983.68,288.0
high_skip,burnout,180,2,45,135,32,6,0,0.222,returning,424.8,45.0
returning,burnout,180,2,107,73,48,18,0,0.224,returning,2062.96,214.0
overload,burnout,180,2,159,21,20,43,74.03,0.189,returning,6005.9,551.0
optimizer,burnout,180,2,167,13,13,25,4.06,0.198,integrated,5090.16,501.0
low_energy,burnout,180,2,83,97,44,28,0,0.241,returning,760.28,83.0
adversarial,burnout,180,2,129,51,44,48,73.85,0.191,returning,6493.5,585.0
perfect,potential,180,2,178,2,2,25,4.06,0.194,integrated,3560.0,356.0
cautious,potential,180,2,112,68,37,14,0,0.214,returning,1048.32,112.0
balanced,potential,180,2,131,49,40,18,2.61,0.179,sustainable,2567.6,262.0
chaotic,potential,180,2,82,98,43,14,2.0,0.203,sustainable,2548.56,246.0
high_skip,potential,180,2,35,145,28,5,0,0.314,returning,330.4,35.0
returning,potential,180,2,99,81,40,14,0,0.212,sustainable,1908.72,198.0
overload,potential,180,2,148,32,31,38,75.6,0.185,returning,5777.0,530.0
optimizer,potential,180,2,170,10,10,24,7.83,0.196,integrated,5181.6,510.0
low_energy,potential,180,2,95,85,42,36,0,0.232,returning,870.2,95.0
adversarial,potential,180,2,139,41,30,55,75.63,0.183,returning,7081.8,638.0
perfect,return,180,2,179,1,1,25,4.06,0.198,integrated,3580.0,358.0
cautious,return,180,2,116,64,42,16,0,0.19,returning,1085.76,116.0
balanced,return,180,2,145,35,27,19,2.61,0.183,sustainable,2842.0,290.0
chaotic,return,180,2,83,97,37,9,0,0.193,sustainable,2579.64,249.0
high_skip,return,180,2,48,132,37,4,0,0.271,returning,453.12,48.0
returning,return,180,2,102,78,43,18,0,0.206,sustainable,1966.56,204.0
overload,return,180,2,153,27,24,41,67.37,0.204,sustainable,5918.7,543.0
optimizer,return,180,2,166,14,14,23,4.06,0.197,integrated,5059.68,498.0
low_energy,return,180,2,92,88,45,28,0,0.239,returning,842.72,92.0
adversarial,return,180,2,116,64,40,39,68.84,0.194,sustainable,5849.7,527.0
perfect,lost,30,3,30,0,0,4,1.62,0.233,open,600.0,60.0
cautious,lost,30,3,21,9,6,3,0,0.286,returning,196.56,21.0
balanced,lost,30,3,20,10,7,4,0.52,0.35,returning,392.0,40.0
chaotic,lost,30,3,19,11,7,2,4.0,0.263,returning,590.52,57.0
high_skip,lost,30,3,10,20,9,2,0,0.4,returning,94.4,10.0
returning,lost,30,3,15,15,6,3,0,0.233,returning,289.2,30.0
overload,lost,30,3,25,5,5,3,64.85,0.26,returning,1090.0,100.0
optimizer,lost,30,3,27,3,3,4,3.13,0.198,open,822.96,81.0
low_energy,lost,30,3,11,19,7,4,0,0.364,returning,100.76,11.0
adversarial,lost,30,3,21,9,8,4,65.57,0.238,returning,1165.5,105.0
perfect,burnout,30,3,29,1,1,4,1.62,0.224,open,580.0,58.0
cautious,burnout,30,3,18,12,6,3,0,0.278,returning,168.48,18.0
balanced,burnout,30,3,26,4,3,4,1.04,0.231,open,509.6,52.0
chaotic,burnout,30,3,13,17,9,2,4.0,0.282,returning,404.04,39.0
high_skip,burnout,30,3,7,23,5,1,0,0.286,returning,66.08,7.0
returning,burnout,30,3,19,11,6,2,0,0.211,returning,366.32,38.0
overload,burnout,30,3,28,2,2,4,76.98,0.211,overloaded,1188.1,109.0
optimizer,burnout,30,3,29,1,1,4,9.21,0.184,open,883.92,87.0
low_energy,burnout,30,3,13,17,9,3,0,0.308,returning,119.08,13.0
adversarial,burnout,30,3,22,8,8,4,75.97,0.198,returning,1176.6,106.0
perfect,potential,30,3,29,1,1,4,1.62,0.224,open,580.0,58.0
cautious,potential,30,3,20,10,6,3,0,0.2,returning,187.2,20.0
balanced,potential,30,3,24,6,5,1,1.04,0.271,returning,470.4,48.0
chaotic,potential,30,3,14,16,7,1,3.6,0.214,returning,435.12,42.0
high_skip,potential,30,3,9,21,7,2,0,0.333,returning,84.96,9.0
returning,potential,30,3,17,13,5,2,0,0.294,returning,327.76,34.0
overload,potential,30,3,26,4,4,4,60.28,0.192,returning,1133.6,104.0
optimizer,potential,30,3,29,1,1,4,3.13,0.195,open,883.92,87.0
low_energy,potential,30,3,16,14,7,8,0,0.25,returning,146.56,16.0
adversarial,potential,30,3,22,8,5,4,72.58,0.193,returning,1209.9,109.0
perfect,return,30,3,30,0,0,4,1.62,0.2,open,600.0,60.0
cautious,return,30,3,22,8,7,2,0,0.318,returning,205.92,22.0
balanced,return,30,3,23,7,4,3,1.04,0.239,returning,450.8,46.0
chaotic,return,30,3,16,14,9,3,2.0,0.271,returning,497.28,48.0
high_skip,return,30,3,7,23,6,1,0,0.571,returning,66.08,7.0
returning,return,30,3,15,15,10,2,0,0.233,returning,289.2,30.0
overload,return,30,3,28,2,2,4,72.09,0.252,overloaded,1209.9,111.0
optimizer,return,30,3,28,2,2,4,3.13,0.19,open,853.44,84.0
low_energy,return,30,3,14,16,7,6,0,0.286,returning,128.24,14.0
adversarial,return,30,3,23,7,5,5,67.39,0.205,returning,1243.2,112.0
perfect,lost,90,3,89,1,1,12,3.25,0.197,open,1780.0,178.0
cautious,lost,90,3,49,41,22,8,0,0.245,returning,458.64,49.0
balanced,lost,90,3,72,18,17,11,2.61,0.229,returning,1411.2,144.0
chaotic,lost,90,3,51,39,17,7,0,0.222,sustainable,1585.08,153.0
high_skip,lost,90,3,18,72,16,3,0,0.333,returning,169.92,18.0
returning,lost,90,3,49,41,27,4,0.58,0.214,returning,944.72,98.0
overload,lost,90,3,80,10,7,19,77.91,0.183,returning,3150.1,289.0
optimizer,lost,90,3,88,2,2,12,9.4,0.193,sustainable,2682.24,264.0
low_energy,lost,90,3,47,43,19,18,0,0.191,returning,430.52,47.0
adversarial,lost,90,3,61,29,22,19,69.59,0.174,sustainable,3130.2,282.0
perfect,burnout,90,3,87,3,3,12,4.87,0.213,open,1740.0,174.0
cautious,burnout,90,3,67,23,16,8,0,0.284,returning,627.12,67.0
balanced,burnout,90,3,72,18,18,10,0.52,0.208,returning,1411.2,144.0
chaotic,burnout,90,3,41,49,17,7,0,0.22,returning,1274.28,123.0
high_skip,burnout,90,3,26,64,19,3,0,0.308,returning,245.44,26.0
returning,burnout,90,3,57,33,21,7,0.58,0.184,returning,1098.96,114.0
overload,burnout,90,3,75,15,14,17,76.85,0.185,returning,2953.9,271.0
optimizer,burnout,90,3,87,3,3,12,7.64,0.192,sustainable,2651.76,261.0
low_energy,burnout,90,3,32,58,25,8,0,0.219,returning,293.12,32.0
adversarial,burnout,90,3,61,29,22,19,76.59,0.216,returning,3130.2,282.0
perfect,potential,90,3,89,1,1,12,4.87,0.197,sustainable,1780.0,178.0
cautious,potential,90,3,52,38,20,9,0,0.231,returning,486.72,52.0
balanced,potential,90,3,70,20,14,8,0,0.193,returning,1372.0,140.0
chaotic,potential,90,3,49,41,21,5,4.0,0.211,sustainable,1522.92,147.0
high_skip,potential,90,3,18,72,15,4,0,0.333,returning,169.92,18.0
returning,potential,90,3,52,38,24,4,0.29,0.24,returning,1002.56,104.0
overload,potential,90,3,80,10,10,19,76.85,0.188,returning,3139.2,288.0
optimizer,potential,90,3,83,7,6,10,9.4,0.193,sustainable,2529.84,249.0
low_energy,potential,90,3,45,45,22,18,0,0.311,returning,412.2,45.0
adversarial,potential,90,3,72,18,15,26,74.56,0.221,returning,3663.0,330.0
perfect,return,90,3,90,0,0,12,4.87,0.217,sustainable,1800.0,180.0
cautious,return,90,3,54,36,18,10,0,0.259,returning,505.44,54.0
balanced,return,90,3,68,22,18,8,1.57,0.199,returning,1332.8,136.0
chaotic,return,90,3,44,46,25,6,6.0,0.205,returning,1367.52,132.0
high_skip,return,90,3,23,67,16,5,0,0.304,returning,217.12,23.0
returning,return,90,3,44,46,21,6,0.58,0.239,returning,848.32,88.0
overload,return,90,3,78,12,11,19,73.51,0.235,returning,3150.1,289.0
optimizer,return,90,3,84,6,5,11,9.4,0.194,sustainable,2560.32,252.0
low_energy,return,90,3,45,45,22,14,0,0.222,returning,412.2,45.0
adversarial,return,90,3,62,28,20,20,70.42,0.207,returning,3219.0,290.0
perfect,lost,180,3,180,0,0,25,4.06,0.192,integrated,3600.0,360.0
cautious,lost,180,3,115,65,39,14,0,0.226,returning,1076.4,115.0
balanced,lost,180,3,139,41,30,19,1.04,0.201,sustainable,2724.4,278.0
chaotic,lost,180,3,98,82,44,15,6.0,0.197,integrated,3045.84,294.0
high_skip,lost,180,3,52,128,34,4,0,0.212,returning,490.88,52.0
returning,lost,180,3,101,79,38,15,0,0.223,sustainable,1947.28,202.0
overload,lost,180,3,167,13,13,48,68.8,0.185,sustainable,6409.2,588.0
optimizer,lost,180,3,173,7,7,23,10.88,0.197,integrated,5273.04,519.0
low_energy,lost,180,3,84,96,42,27,0,0.202,returning,769.44,84.0
adversarial,lost,180,3,137,43,34,53,76.58,0.197,returning,6915.3,623.0
perfect,burnout,180,3,178,2,2,25,4.06,0.208,sustainable,3560.0,356.0
cautious,burnout,180,3,112,68,48,17,0,0.205,returning,1048.32,112.0
balanced,burnout,180,3,139,41,32,19,0,0.187,sustainable,2724.4,278.0
chaotic,burnout,180,3,96,84,50,13,2.0,0.188,sustainable,2983.68,288.0
high_skip,burnout,180,3,43,137,31,5,0,0.349,returning,405.92,43.0
returning,burnout,180,3,105,75,36,15,0,0.21,returning,2024.4,210.0
overload,burnout,180,3,164,16,14,46,73.2,0.186,returning,6223.9,571.0
optimizer,burnout,180,3,173,7,7,24,4.06,0.195,integrated,5273.04,519.0
low_energy,burnout,180,3,89,91,44,28,0,0.236,returning,815.24,89.0
adversarial,burnout,180,3,125,55,36,46,65.38,0.19,sustainable,6293.7,567.0
perfect,potential,180,3,178,2,2,25,4.06,0.211,integrated,3560.0,356.0
cautious,potential,180,3,105,75,44,15,0,0.219,returning,982.8,105.0
balanced,potential,180,3,146,34,28,19,0,0.199,sustainable,2861.6,292.0
chaotic,potential,180,3,102,78,43,8,6.0,0.18,integrated,3170.16,306.0
high_skip,potential,180,3,38,142,28,4,0,0.263,returning,358.72,38.0
returning,potential,180,3,100,80,50,10,0,0.195,sustainable,1928.0,200.0
overload,potential,180,3,160,20,18,44,77.29,0.2,returning,6202.1,569.0
optimizer,potential,180,3,166,14,14,21,22.11,0.197,integrated,5059.68,498.0
low_energy,potential,180,3,99,81,43,37,0,0.212,returning,906.84,99.0
adversarial,potential,180,3,133,47,31,50,75.31,0.181,returning,6693.3,603.0
perfect,return,180,3,179,1,1,25,4.06,0.184,integrated,3580.0,358.0
cautious,return,180,3,109,71,46,12,0,0.193,returning,1020.24,109.0
balanced,return,180,3,145,35,27,21,2.61,0.186,sustainable,2842.0,290.0
chaotic,return,180,3,84,96,45,10,5.8,0.19,sustainable,2610.72,252.0
high_skip,return,180,3,42,138,33,4,0,0.238,returning,396.48,42.0
returning,return,180,3,114,66,38,15,0,0.18,sustainable,2197.92,228.0
overload,return,180,3,150,30,26,39,69.0,0.194,sustainable,5777.0,530.0
optimizer,return,180,3,169,11,10,22,9.84,0.195,integrated,5151.12,507.0
low_energy,return,180,3,84,96,47,31,0,0.214,returning,769.44,84.0
adversarial,return,180,3,118,62,40,39,75.46,0.187,returning,5883.0,530.0
perfect,lost,30,4,30,0,0,4,1.62,0.217,open,600.0,60.0
cautious,lost,30,4,17,13,9,2,0,0.353,returning,159.12,17.0
balanced,lost,30,4,25,5,4,4,1.04,0.22,returning,490.0,50.0
chaotic,lost,30,4,17,13,8,2,2.0,0.255,returning,528.36,51.0
high_skip,lost,30,4,7,23,3,0,0,0.429,open,66.08,7.0
returning,lost,30,4,17,13,7,3,0,0.235,returning,327.76,34.0
overload,lost,30,4,26,4,1,4,59.23,0.194,open,1122.7,103.0
optimizer,lost,30,4,30,0,0,4,5.98,0.189,open,914.4,90.0
low_energy,lost,30,4,10,20,8,4,0,0.3,returning,91.6,10.0
adversarial,lost,30,4,22,8,5,5,60.38,0.204,returning,1198.8,108.0
perfect,burnout,30,4,29,1,1,3,4.3,0.241,open,580.0,58.0
cautious,burnout,30,4,21,9,6,4,0,0.286,returning,196.56,21.0
balanced,burnout,30,4,25,5,5,3,1.04,0.22,returning,490.0,50.0
chaotic,burnout,30,4,14,16,8,2,5.8,0.214,returning,435.12,42.0
high_skip,burnout,30,4,11,19,7,1,0,0.364,returning,103.84,11.0
returning,burnout,30,4,17,13,8,2,0,0.294,returning,327.76,34.0
overload,burnout,30,4,26,4,4,3,75.11,0.208,returning,1100.9,101.0
optimizer,burnout,30,4,29,1,1,4,9.21,0.184,open,883.92,87.0
low_energy,burnout,30,4,16,14,8,3,0,0.25,returning,146.56,16.0
adversarial,burnout,30,4,24,6,6,6,68.0,0.219,returning,1265.4,114.0
perfect,potential,30,4,30,0,0,4,1.62,0.233,open,600.0,60.0
cautious,potential,30,4,22,8,5,2,0,0.227,returning,205.92,22.0
balanced,potential,30,4,23,7,6,1,1.98,0.239,returning,450.8,46.0
chaotic,potential,30,4,16,14,9,3,2.0,0.229,returning,497.28,48.0
high_skip,potential,30,4,5,25,3,1,0,0.4,open,47.2,5.0
returning,potential,30,4,23,7,5,2,0,0.239,returning,443.44,46.0
overload,potential,30,4,26,4,4,2,76.99,0.222,returning,1079.1,99.0
optimizer,potential,30,4,29,1,1,4,3.13,0.195,open,883.92,87.0
low_energy,potential,30,4,14,16,6,4,0,0.286,returning,128.24,14.0
adversarial,potential,30,4,16,14,9,3,38.63,0.212,returning,888.0,80.0
perfect,return,30,4,30,0,0,4,1.62,0.217,open,600.0,60.0
cautious,return,30,4,15,15,5,3,0,0.333,returning,140.4,15.0
balanced,return,30,4,28,2,2,4,1.04,0.25,open,548.8,56.0
chaotic,return,30,4,17,13,8,1,4.0,0.235,returning,528.36,51.0
high_skip,return,30,4,9,21,7,4,0,0.333,returning,84.96,9.0
returning,return,30,4,17,13,8,1,0.58,0.235,returning,327.76,34.0
overload,return,30,4,24,6,5,3,58.42,0.198,returning,1046.4,96.0
optimizer,return,30,4,28,2,1,3,9.45,0.179,open,853.44,84.0
low_energy,return,30,4,13,17,8,2,0,0.308,returning,119.08,13.0
adversarial,return,30,4,21,9,5,3,72.96,0.235,returning,1132.2,102.0
perfect,lost,90,4,88,2,2,12,4.87,0.216,open,1760.0,176.0
cautious,lost,90,4,57,33,20,6,0,0.211,returning,533.52,57.0
balanced,lost,90,4,68,22,17,8,3.13,0.199,returning,1332.8,136.0
chaotic,lost,90,4,53,37,19,6,3.8,0.208,sustainable,1647.24,159.0
high_skip,lost,90,4,24,66,18,5,0,0.333,returning,226.56,24.0
returning,lost,90,4,50,40,24,8,0.29,0.24,returning,964.0,100.0
overload,lost,90,4,81,9,9,20,68.05,0.184,sustainable,3139.2,288.0
optimizer,lost,90,4,83,7,7,10,7.83,0.193,sustainable,2529.84,249.0
low_energy,lost,90,4,46,44,23,14,0,0.217,returning,421.36,46.0
adversarial,lost,90,4,70,20,15,25,72.73,0.195,returning,3585.3,323.0
perfect,burnout,90,4,90,0,0,12,4.87,0.183,open,1800.0,180.0
cautious,burnout,90,4,52,38,23,4,0,0.212,returning,486.72,52.0
balanced,burnout,90,4,76,14,13,11,1.57,0.204,returning,1489.6,152.0
chaotic,burnout,90,4,37,53,19,1,4.0,0.225,returning,1149.96,111.0
high_skip,burnout,90,4,23,67,18,5,0,0.217,returning,217.12,23.0
returning,burnout,90,4,46,44,21,4,0.87,0.185,returning,886.88,92.0
overload,burnout,90,4,76,14,11,18,72.29,0.211,returning,2997.5,275.0
optimizer,burnout,90,4,83,7,7,12,3.13,0.193,sustainable,2529.84,249.0
low_energy,burnout,90,4,40,50,21,14,0,0.275,returning,366.4,40.0
adversarial,burnout,90,4,68,22,18,24,73.09,0.196,returning,3463.2,312.0
perfect,potential,90,4,88,2,2,10,4.87,0.205,sustainable,1760.0,176.0
cautious,potential,90,4,53,37,24,6,0,0.208,returning,496.08,53.0
balanced,potential,90,4,68,22,18,11,0.52,0.206,returning,1332.8,136.0
chaotic,potential,90,4,45,45,22,6,5.21,0.222,sustainable,1398.6,135.0
high_skip,potential,90,4,22,68,17,1,0,0.273,returning,207.68,22.0
returning,potential,90,4,55,35,23,7,0,0.209,returning,1060.4,110.0
overload,potential,90,4,82,8,8,21,67.72,0.189,sustainable,3226.4,296.0
optimizer,potential,90,4,81,9,7,11,6.26,0.198,sustainable,2468.88,243.0
low_energy,potential,90,4,45,45,20,19,0,0.2,returning,412.2,45.0
adversarial,potential,90,4,67,23,18,22,77.47,0.19,returning,3385.5,305.0
perfect,return,90,4,90,0,0,12,4.87,0.189,sustainable,1800.0,180.0
cautious,return,90,4,59,31,17,6,0,0.237,returning,552.24,59.0
balanced,return,90,4,67,23,16,8,0.52,0.231,returning,1313.2,134.0
chaotic,return,90,4,37,53,18,3,2.0,0.198,returning,1149.96,111.0
high_skip,return,90,4,15,75,14,2,0,0.333,returning,141.6,15.0
returning,return,90,4,55,35,20,8,1.45,0.236,returning,1060.4,110.0
overload,return,90,4,81,9,9,19,77.99,0.185,returning,3128.3,287.0
optimizer,return,90,4,87,3,2,11,11.64,0.192,sustainable,2651.76,261.0
low_energy,return,90,4,46,44,22,16,0,0.283,returning,421.36,46.0
adversarial,return,90,4,71,19,14,25,74.93,0.204,returning,3585.3,323.0
perfect,lost,180,4,178,2,2,23,6.73,0.188,integrated,3560.0,356.0
cautious,lost,180,4,99,81,43,16,0,0.232,returning,926.64,99.0
balanced,lost,180,4,144,36,27,19,2.61,0.215,sustainable,2822.4,288.0
chaotic,lost,180,4,84,96,48,15,2.0,0.194,sustainable,2610.72,252.0
high_skip,lost,180,4,52,128,37,10,0,0.25,returning,490.88,52.0
returning,lost,180,4,87,93,44,18,0.29,0.201,returning,1677.36,174.0
overload,lost,180,4,161,19,18,45,71.66,0.175,returning,6234.8,572.0
optimizer,lost,180,4,166,14,13,25,7.83,0.199,integrated,5059.68,498.0
low_energy,lost,180,4,85,95,42,30,0,0.282,returning,778.6,85.0
adversarial,lost,180,4,119,61,38,41,68.89,0.205,sustainable,6005.1,541.0
perfect,burnout,180,4,180,0,0,25,4.06,0.222,integrated,3600.0,360.0
cautious,burnout,180,4,113,67,42,12,0,0.221,returning,1057.68,113.0
balanced,burnout,180,4,137,43,33,18,2.61,0.186,sustainable,2685.2,274.0
chaotic,burnout,180,4,85,95,48,9,8.82,0.22,sustainable,2641.8,255.0
high_skip,burnout,180,4,39,141,31,2,0,0.282,returning,368.16,39.0
returning,burnout,180,4,97,83,51,14,1.16,0.191,returning,1870.16,194.0
overload,burnout,180,4,164,16,14,47,70.67,0.19,returning,6311.1,579.0
optimizer,burnout,180,4,164,16,15,22,15.03,0.197,integrated,4998.72,492.0
low_energy,burnout,180,4,83,97,45,31,0,0.241,returning,760.28,83.0
adversarial,burnout,180,4,145,35,32,59,69.89,0.178,sustainable,7248.3,653.0
perfect,potential,180,4,180,0,0,25,4.06,0.186,integrated,3600.0,360.0
cautious,potential,180,4,102,78,44,20,0,0.206,returning,954.72,102.0
balanced,potential,180,4,143,37,30,20,3.95,0.185,sustainable,2802.8,286.0
chaotic,potential,180,4,78,102,50,10,0,0.192,sustainable,2424.24,234.0
high_skip,potential,180,4,61,119,43,9,0,0.23,returning,575.84,61.0
returning,potential,180,4,104,76,43,16,0,0.226,sustainable,2005.12,208.0
overload,potential,180,4,157,23,20,42,69.4,0.19,sustainable,5962.3,547.0
optimizer,potential,180,4,167,13,11,24,7.83,0.198,integrated,5090.16,501.0
low_energy,potential,180,4,83,97,49,31,0,0.205,returning,760.28,83.0
adversarial,potential,180,4,132,48,35,50,71.91,0.183,returning,6682.2,602.0
perfect,return,180,4,179,1,1,25,4.06,0.201,integrated,3580.0,358.0
cautious,return,180,4,123,57,40,16,0,0.236,returning,1151.28,123.0
balanced,return,180,4,134,46,38,20,0.52,0.187,sustainable,2626.4,268.0
chaotic,return,180,4,90,90,46,11,3.8,0.189,sustainable,2797.2,270.0
high_skip,return,180,4,40,140,28,8,0,0.375,returning,377.6,40.0
returning,return,180,4,105,75,45,14,0,0.21,sustainable,2024.4,210.0
overload,return,180,4,165,15,12,46,72.64,0.198,returning,6267.5,575.0
optimizer,return,180,4,167,13,12,22,7.83,0.196,integrated,5090.16,501.0
low_energy,return,180,4,89,91,49,30,0,0.191,returning,815.24,89.0
adversarial,return,180,4,130,50,38,48,72.66,0.199,returning,6526.8,588.0
perfect,lost,30,5,29,1,1,4,1.62,0.241,open,580.0,58.0
cautious,lost,30,5,19,11,7,3,0,0.211,returning,177.84,19.0
balanced,lost,30,5,27,3,3,4,1.04,0.222,open,529.2,54.0
chaotic,lost,30,5,15,15,10,2,5.6,0.2,returning,466.2,45.0
high_skip,lost,30,5,12,18,6,2,0,0.333,returning,113.28,12.0
returning,lost,30,5,20,10,8,3,0,0.225,returning,385.6,40.0
overload,lost,30,5,27,3,3,4,66.72,0.204,open,1177.2,108.0
optimizer,lost,30,5,29,1,1,4,3.13,0.195,open,883.92,87.0
low_energy,lost,30,5,16,14,7,7,0,0.312,returning,146.56,16.0
adversarial,lost,30,5,25,5,4,6,69.22,0.218,returning,1320.9,119.0
perfect,burnout,30,5,29,1,1,4,0.81,0.224,open,580.0,58.0
cautious,burnout,30,5,19,11,5,2,0,0.316,returning,177.84,19.0
balanced,burnout,30,5,24,6,5,3,1.04,0.25,returning,470.4,48.0
chaotic,burnout,30,5,17,13,5,4,0,0.216,returning,528.36,51.0
high_skip,burnout,30,5,3,27,3,0,0,0.667,open,28.32,3.0
returning,burnout,30,5,21,9,5,4,0.58,0.214,returning,404.88,42.0
overload,burnout,30,5,27,3,3,4,72.66,0.243,overloaded,1166.3,107.0
optimizer,burnout,30,5,29,1,1,4,9.21,0.184,open,883.92,87.0
low_energy,burnout,30,5,17,13,5,7,0,0.294,returning,155.72,17.0
adversarial,burnout,30,5,19,11,7,4,56.13,0.232,returning,1054.5,95.0
perfect,potential,30,5,30,0,0,4,1.62,0.217,open,600.0,60.0
cautious,potential,30,5,18,12,8,3,0,0.278,returning,168.48,18.0
balanced,potential,30,5,25,5,4,3,1.04,0.24,returning,490.0,50.0
chaotic,potential,30,5,16,14,8,3,2.0,0.208,returning,497.28,48.0
high_skip,potential,30,5,6,24,4,0,0,0.5,returning,56.64,6.0
returning,potential,30,5,20,10,6,3,0.58,0.3,returning,385.6,40.0
overload,potential,30,5,27,3,3,4,65.66,0.206,open,1166.3,107.0
optimizer,potential,30,5,27,3,3,4,3.13,0.198,open,822.96,81.0
low_energy,potential,30,5,14,16,6,4,0,0.429,returning,128.24,14.0
adversarial,potential,30,5,19,11,6,3,63.73,0.189,returning,1054.5,95.0
perfect,return,30,5,29,1,1,4,1.62,0.224,open,580.0,58.0
cautious,return,30,5,18,12,7,2,0,0.389,returning,168.48,18.0
balanced,return,30,5,27,3,3,4,1.04,0.204,open,529.2,54.0
chaotic,return,30,5,14,16,7,1,0,0.262,returning,435.12,42.0
high_skip,return,30,5,7,23,6,0,0,0.429,returning,66.08,7.0
returning,return,30,5,20,10,7,2,0,0.35,returning,385.6,40.0
overload,return,30,5,25,5,5,3,64.85,0.21,returning,1090.0,100.0
optimizer,return,30,5,29,1,1,4,3.13,0.195,open,883.92,87.0
low_energy,return,30,5,17,13,7,7,0,0.235,returning,155.72,17.0
adversarial,return,30,5,20,10,5,3,67.15,0.192,returning,1098.9,99.0
perfect,lost,90,5,90,0,0,12,4.87,0.217,open,1800.0,180.0
cautious,lost,90,5,54,36,25,6,0,0.241,returning,505.44,54.0
balanced,lost,90,5,73,17,14,11,1.57,0.212,returning,1430.8,146.0
chaotic,lost,90,5,43,47,22,6,9.61,0.186,returning,1336.44,129.0
high_skip,lost,90,5,27,63,17,3,0,0.296,returning,254.88,27.0
returning,lost,90,5,51,39,25,6,0,0.235,returning,983.28,102.0
overload,lost,90,5,86,4,4,22,76.1,0.186,returning,3335.4,306.0
optimizer,lost,90,5,84,6,6,12,9.4,0.194,sustainable,2560.32,252.0
low_energy,lost,90,5,49,41,21,18,0,0.224,returning,448.84,49.0
adversarial,lost,90,5,67,23,19,23,68.87,0.192,sustainable,3407.7,307.0
perfect,burnout,90,5,89,1,1,12,4.87,0.213,open,1780.0,178.0
cautious,burnout,90,5,53,37,24,8,0,0.264,returning,496.08,53.0
balanced,burnout,90,5,71,19,14,6,3.13,0.225,returning,1391.6,142.0
chaotic,burnout,90,5,46,44,22,9,0,0.196,returning,1429.68,138.0
high_skip,burnout,90,5,25,65,19,3,0,0.36,returning,236.0,25.0
returning,burnout,90,5,45,45,21,4,1.16,0.2,returning,867.6,90.0
overload,burnout,90,5,77,13,12,19,68.78,0.182,sustainable,3052.0,280.0
optimizer,burnout,90,5,85,5,5,10,22.11,0.188,sustainable,2590.8,255.0
low_energy,burnout,90,5,45,45,21,17,0,0.267,returning,412.2,45.0
adversarial,burnout,90,5,74,16,11,27,72.55,0.189,returning,3640.8,328.0
perfect,potential,90,5,88,2,2,11,4.87,0.188,sustainable,1760.0,176.0
cautious,potential,90,5,51,39,20,9,0,0.235,returning,477.36,51.0
balanced,potential,90,5,72,18,17,6,3.13,0.201,returning,1411.2,144.0
chaotic,potential,90,5,42,48,25,6,11.61,0.19,sustainable,1305.36,126.0
high_skip,potential,90,5,24,66,16,3,0,0.208,returning,226.56,24.0
returning,potential,90,5,53,37,20,8,0.29,0.245,returning,1021.84,106.0
overload,potential,90,5,78,12,10,18,73.2,0.188,returning,3019.3,277.0
optimizer,potential,90,5,85,5,5,11,12.67,0.192,sustainable,2590.8,255.0
low_energy,potential,90,5,39,51,25,14,0,0.256,returning,357.24,39.0
adversarial,potential,90,5,70,20,19,25,69.12,0.222,sustainable,3552.0,320.0
perfect,return,90,5,90,0,0,12,4.87,0.217,open,1800.0,180.0
cautious,return,90,5,50,40,24,5,0,0.2,returning,468.0,50.0
balanced,return,90,5,71,19,11,9,0,0.268,returning,1391.6,142.0
chaotic,return,90,5,48,42,24,2,2.0,0.201,returning,1491.84,144.0
high_skip,return,90,5,28,62,20,3,0,0.286,returning,264.32,28.0
returning,return,90,5,52,38,18,6,0,0.212,returning,1002.56,104.0
overload,return,90,5,85,5,5,22,72.84,0.193,returning,3324.5,305.0
optimizer,return,90,5,84,6,6,11,9.4,0.194,sustainable,2560.32,252.0
low_energy,return,90,5,46,44,20,15,0,0.217,returning,421.36,46.0
adversarial,return,90,5,67,23,16,23,74.89,0.186,returning,3463.2,312.0
perfect,lost,180,5,177,3,3,25,4.06,0.184,integrated,3540.0,354.0
cautious,lost,180,5,114,66,37,12,0,0.193,returning,1067.04,114.0
balanced,lost,180,5,139,41,34,21,1.04,0.212,sustainable,2724.4,278.0
chaotic,lost,180,5,88,92,45,14,0,0.186,sustainable,2735.04,264.0
high_skip,lost,180,5,44,136,33,7,0,0.205,returning,415.36,44.0
returning,lost,180,5,107,73,47,15,0,0.21,sustainable,2062.96,214.0
overload,lost,180,5,151,29,22,39,72.26,0.198,returning,5787.9,531.0
optimizer,lost,180,5,172,8,8,23,12.9,0.198,integrated,5242.56,516.0
low_energy,lost,180,5,86,94,43,29,0,0.186,returning,787.76,86.0
adversarial,lost,180,5,124,56,39,45,74.41,0.18,returning,6360.3,573.0
perfect,burnout,180,5,176,4,4,25,4.06,0.196,sustainable,3520.0,352.0
cautious,burnout,180,5,106,74,36,17,0,0.217,returning,992.16,106.0
balanced,burnout,180,5,139,41,30,19,1.04,0.209,sustainable,2724.4,278.0
chaotic,burnout,180,5,98,82,44,13,16.42,0.204,sustainable,3045.84,294.0
high_skip,burnout,180,5,46,134,37,7,0,0.239,returning,434.24,46.0
returning,burnout,180,5,122,58,45,14,0.29,0.184,sustainable,2352.16,244.0
overload,burnout,180,5,166,14,13,47,76.13,0.178,returning,6322.0,580.0
optimizer,burnout,180,5,173,7,7,24,7.83,0.195,integrated,5273.04,519.0
low_energy,burnout,180,5,81,99,44,26,0,0.198,returning,741.96,81.0
adversarial,burnout,180,5,131,49,38,49,73.27,0.178,returning,6549.0,590.0
perfect,potential,180,5,178,2,2,25,4.06,0.177,integrated,3560.0,356.0
cautious,potential,180,5,117,63,45,14,0,0.214,returning,1095.12,117.0
balanced,potential,180,5,143,37,28,19,1.04,0.189,sustainable,2802.8,286.0
chaotic,potential,180,5,92,88,45,9,2.0,0.203,integrated,2859.36,276.0
high_skip,potential,180,5,44,136,29,7,0,0.25,returning,415.36,44.0
returning,potential,180,5,101,79,44,13,0,0.203,sustainable,1947.28,202.0
overload,potential,180,5,162,18,17,44,76.39,0.186,returning,6147.6,564.0
optimizer,potential,180,5,172,8,8,24,7.83,0.196,integrated,5242.56,516.0
low_energy,potential,180,5,81,99,42,29,0,0.247,returning,741.96,81.0
adversarial,potential,180,5,129,51,40,47,69.42,0.204,sustainable,6415.8,578.0
perfect,return,180,5,177,3,3,25,4.06,0.189,integrated,3540.0,354.0
cautious,return,180,5,115,65,42,13,0,0.27,returning,1076.4,115.0
balanced,return,180,5,140,40,31,18,1.04,0.196,sustainable,2744.0,280.0
chaotic,return,180,5,98,82,38,12,2.0,0.224,sustainable,3045.84,294.0
high_skip,return,180,5,47,133,36,9,0,0.234,returning,443.68,47.0
returning,return,180,5,103,77,46,15,0,0.184,sustainable,1985.84,206.0
overload,return,180,5,166,14,11,47,70.19,0.188,returning,6332.9,581.0
optimizer,return,180,5,171,9,8,23,7.83,0.197,integrated,5212.08,513.0
low_energy,return,180,5,79,101,43,27,0,0.228,returning,723.64,79.0
adversarial,return,180,5,129,51,39,47,77.85,0.188,returning,6493.5,585.0
perfect,lost,30,6,30,0,0,4,1.62,0.233,open,600.0,60.0
cautious,lost,30,6,14,16,7,3,0,0.286,returning,131.04,14.0
balanced,lost,30,6,22,8,5,3,1.04,0.205,returning,431.2,44.0
chaotic,lost,30,6,11,19,5,1,1.2,0.273,returning,341.88,33.0
high_skip,lost,30,6,4,26,4,0,0,0.5,returning,37.76,4.0
returning,lost,30,6,14,16,6,2,0,0.286,returning,269.92,28.0
overload,lost,30,6,27,3,3,4,66.72,0.222,open,1177.2,108.0
optimizer,lost,30,6,28,2,2,4,3.13,0.19,open,853.44,84.0
low_energy,lost,30,6,16,14,8,5,0,0.312,returning,146.56,16.0
adversarial,lost,30,6,22,8,7,4,68.97,0.217,returning,1176.6,106.0
perfect,burnout,30,6,30,0,0,4,1.62,0.25,open,600.0,60.0
cautious,burnout,30,6,25,5,3,3,0,0.24,open,234.0,25.0
balanced,burnout,30,6,22,8,5,4,0,0.205,returning,431.2,44.0
chaotic,burnout,30,6,14,16,7,1,1.6,0.262,returning,435.12,42.0
high_skip,burnout,30,6,8,22,5,0,0,0.375,returning,75.52,8.0
returning,burnout,30,6,18,12,7,3,0.29,0.222,returning,347.04,36.0
overload,burnout,30,6,27,3,2,4,70.54,0.21,open,1144.5,105.0
optimizer,burnout,30,6,27,3,2,4,3.13,0.185,open,822.96,81.0
low_energy,burnout,30,6,14,16,10,5,0,0.429,returning,128.24,14.0
adversarial,burnout,30,6,24,6,4,6,68.0,0.193,returning,1265.4,114.0
perfect,potential,30,6,29,1,1,4,1.62,0.207,open,580.0,58.0
cautious,potential,30,6,18,12,8,2,0,0.333,returning,168.48,18.0
balanced,potential,30,6,21,9,8,2,0,0.214,returning,411.6,42.0
chaotic,potential,30,6,18,12,7,3,5.41,0.259,returning,559.44,54.0
high_skip,potential,30,6,9,21,7,1,0,0.333,returning,84.96,9.0
returning,potential,30,6,19,11,8,3,0.58,0.263,returning,366.32,38.0
overload,potential,30,6,27,3,3,4,65.66,0.234,open,1166.3,107.0
optimizer,potential,30,6,29,1,1,4,3.13,0.195,open,883.92,87.0
low_energy,potential,30,6,17,13,5,5,0,0.353,returning,155.72,17.0
adversarial,potential,30,6,20,10,6,3,67.15,0.283,returning,1098.9,99.0
perfect,return,30,6,30,0,0,4,1.62,0.217,open,600.0,60.0
cautious,return,30,6,16,14,6,2,0,0.312,returning,149.76,16.0
balanced,return,30,6,25,5,5,3,1.04,0.24,returning,490.0,50.0
chaotic,return,30,6,19,11,9,2,7.8,0.211,returning,590.52,57.0
high_skip,return,30,6,10,20,7,1,0,0.3,returning,94.4,10.0
returning,return,30,6,18,12,8,3,0.58,0.222,returning,347.04,36.0
overload,return,30,6,25,5,5,2,74.79,0.192,returning,1079.1,99.0
optimizer,return,30,6,27,3,3,4,3.13,0.198,open,822.96,81.0
low_energy,return,30,6,13,17,8,5,0,0.231,returning,119.08,13.0
adversarial,return,30,6,20,10,8,3,68.35,0.23,returning,1110.0,100.0
perfect,lost,90,6,90,0,0,12,4.87,0.206,open,1800.0,180.0
cautious,lost,90,6,58,32,20,9,0,0.224,returning,542.88,58.0
balanced,lost,90,6,72,18,16,10,2.61,0.188,returning,1411.2,144.0
chaotic,lost,90,6,42,48,19,5,1.6,0.206,returning,1305.36,126.0
high_skip,lost,90,6,28,62,18,3,0,0.286,returning,264.32,28.0
returning,lost,90,6,53,37,24,6,0,0.198,returning,1021.84,106.0
overload,lost,90,6,82,8,7,20,76.6,0.201,returning,3204.6,294.0
optimizer,lost,90,6,80,10,7,10,8.65,0.192,sustainable,2438.4,240.0
low_energy,lost,90,6,48,42,24,15,0,0.229,returning,439.68,48.0
adversarial,lost,90,6,59,31,20,17,75.15,0.206,returning,3019.2,272.0
perfect,burnout,90,6,89,1,1,12,4.87,0.18,open,1780.0,178.0
cautious,burnout,90,6,64,26,16,8,0,0.203,returning,599.04,64.0
balanced,burnout,90,6,70,20,16,8,3.13,0.214,returning,1372.0,140.0
chaotic,burnout,90,6,35,55,21,2,1.01,0.19,returning,1087.8,105.0
high_skip,burnout,90,6,18,72,14,2,0,0.278,returning,169.92,18.0
returning,burnout,90,6,48,42,23,7,0.29,0.188,returning,925.44,96.0
overload,burnout,90,6,78,12,11,19,68.86,0.176,sustainable,3030.2,278.0
optimizer,burnout,90,6,84,6,6,12,9.4,0.194,sustainable,2560.32,252.0
low_energy,burnout,90,6,45,45,22,17,0,0.222,returning,412.2,45.0
adversarial,burnout,90,6,60,30,23,19,67.17,0.199,sustainable,3063.6,276.0
perfect,potential,90,6,89,1,1,11,4.87,0.202,sustainable,1780.0,178.0
cautious,potential,90,6,53,37,21,9,0,0.264,returning,496.08,53.0
balanced,potential,90,6,73,17,14,10,0,0.24,returning,1430.8,146.0
chaotic,potential,90,6,50,40,19,10,2.0,0.22,sustainable,1554.0,150.0
high_skip,potential,90,6,31,59,17,4,0,0.29,returning,292.64,31.0
returning,potential,90,6,56,34,20,9,0,0.205,returning,1079.68,112.0
overload,potential,90,6,79,11,8,19,74.65,0.201,returning,3139.2,288.0
optimizer,potential,90,6,81,9,8,12,9.4,0.198,sustainable,2468.88,243.0
low_energy,potential,90,6,45,45,19,13,0,0.222,returning,412.2,45.0
adversarial,potential,90,6,70,20,17,25,73.93,0.191,returning,3596.4,324.0
perfect,return,90,6,89,1,1,12,4.87,0.197,sustainable,1780.0,178.0
cautious,return,90,6,53,37,21,8,0,0.208,returning,496.08,53.0
balanced,return,90,6,68,22,19,10,1.04,0.221,returning,1332.8,136.0
chaotic,return,90,6,47,43,22,5,3.6,0.22,sustainable,1460.76,141.0
high_skip,return,90,6,14,76,11,5,0,0.286,returning,132.16,14.0
returning,return,90,6,51,39,21,6,0,0.206,returning,983.28,102.0
overload,return,90,6,82,8,8,20,77.66,0.176,returning,3215.5,295.0
optimizer,return,90,6,83,7,7,11,9.4,0.193,sustainable,2529.84,249.0
low_energy,return,90,6,38,52,31,16,0,0.289,returning,348.08,38.0
adversarial,return,90,6,62,28,18,20,76.18,0.18,returning,3207.9,289.0
perfect,lost,180,6,179,1,1,25,4.06,0.19,integrated,3580.0,358.0
cautious,lost,180,6,120,60,45,17,0,0.225,returning,1123.2,120.0
balanced,lost,180,6,145,35,28,20,0,0.197,sustainable,2842.0,290.0
chaotic,lost,180,6,92,88,44,11,10.0,0.185,sustainable,2859.36,276.0
high_skip,lost,180,6,48,132,34,9,0,0.292,returning,453.12,48.0
returning,lost,180,6,107,73,42,11,0.29,0.182,sustainable,2062.96,214.0
overload,lost,180,6,159,21,20,44,67.68,0.196,sustainable,6125.8,562.0
optimizer,lost,180,6,169,11,11,24,11.07,0.197,integrated,5151.12,507.0
low_energy,lost,180,6,76,104,46,21,0,0.224,returning,696.16,76.0
adversarial,lost,180,6,124,56,35,44,74.57,0.183,returning,6260.4,564.0
perfect,burnout,180,6,179,1,1,25,4.06,0.184,sustainable,3580.0,358.0
cautious,burnout,180,6,113,67,42,17,0,0.221,returning,1057.68,113.0
balanced,burnout,180,6,136,44,37,17,1.04,0.188,sustainable,2665.6,272.0
chaotic,burnout,180,6,86,94,44,15,0,0.19,sustainable,2672.88,258.0
high_skip,burnout,180,6,58,122,41,12,0,0.259,returning,547.52,58.0
returning,burnout,180,6,105,75,50,19,0.58,0.19,returning,2024.4,210.0
overload,burnout,180,6,161,19,18,45,76.54,0.188,returning,6213.0,570.0
optimizer,burnout,180,6,169,11,11,25,1.57,0.195,integrated,5151.12,507.0
low_energy,burnout,180,6,86,94,42,36,0,0.233,returning,787.76,86.0
adversarial,burnout,180,6,126,54,34,47,71.03,0.181,returning,6426.9,579.0
perfect,potential,180,6,180,0,0,25,4.06,0.189,integrated,3600.0,360.0
cautious,potential,180,6,109,71,45,16,0,0.229,returning,1020.24,109.0
balanced,potential,180,6,139,41,35,20,2.61,0.176,sustainable,2724.4,278.0
chaotic,potential,180,6,91,89,45,14,4.0,0.231,integrated,2828.28,273.0
high_skip,potential,180,6,36,144,30,6,0,0.333,returning,339.84,36.0
returning,potential,180,6,104,76,47,12,0.29,0.183,sustainable,2005.12,208.0
overload,potential,180,6,162,18,17,45,72.8,0.189,returning,6223.9,571.0
optimizer,potential,180,6,169,11,11,24,7.83,0.197,integrated,5151.12,507.0
low_energy,potential,180,6,84,96,49,29,0,0.25,returning,769.44,84.0
adversarial,potential,180,6,129,51,36,47,73.03,0.196,returning,6449.1,581.0
perfect,return,180,6,180,0,0,25,4.06,0.203,integrated,3600.0,360.0
cautious,return,180,6,110,70,42,14,0,0.209,returning,1029.6,110.0
balanced,return,180,6,152,28,21,20,1.57,0.227,sustainable,2979.2,304.0
chaotic,return,180,6,100,80,45,15,8.0,0.207,integrated,3108.0,300.0
high_skip,return,180,6,51,129,38,11,0,0.235,returning,481.44,51.0
returning,return,180,6,100,80,49,11,0.29,0.22,sustainable,1928.0,200.0
overload,return,180,6,158,22,19,43,74.36,0.184,returning,6104.0,560.0
optimizer,return,180,6,168,12,12,24,7.83,0.196,integrated,5120.64,504.0
low_energy,return,180,6,95,85,41,33,0,0.221,returning,870.2,95.0
adversarial,return,180,6,122,58,44,42,68.1,0.188,sustainable,6038.4,544.0
perfect,lost,30,7,30,0,0,4,1.62,0.25,open,600.0,60.0
cautious,lost,30,7,17,13,7,2,0,0.353,returning,159.12,17.0
balanced,lost,30,7,21,9,6,2,0,0.286,returning,411.6,42.0
chaotic,lost,30,7,18,12,5,2,9.61,0.296,returning,559.44,54.0
high_skip,lost,30,7,7,23,6,0,0,0.429,returning,66.08,7.0
returning,lost,30,7,19,11,8,3,0.29,0.237,returning,366.32,38.0
overload,lost,30,7,22,8,6,2,56.55,0.227,returning,959.2,88.0
optimizer,lost,30,7,30,0,0,4,5.98,0.189,open,914.4,90.0
low_energy,lost,30,7,13,17,7,5,0,0.308,returning,119.08,13.0
adversarial,lost,30,7,24,6,4,5,73.2,0.217,returning,1276.5,115.0
perfect,burnout,30,7,30,0,0,4,1.62,0.233,open,600.0,60.0
cautious,burnout,30,7,19,11,5,4,0,0.263,returning,177.84,19.0
balanced,burnout,30,7,24,6,4,3,0,0.229,returning,470.4,48.0
chaotic,burnout,30,7,16,14,8,3,0,0.208,returning,497.28,48.0
high_skip,burnout,30,7,11,19,7,2,0,0.364,returning,103.84,11.0
returning,burnout,30,7,16,14,9,1,0.58,0.281,returning,308.48,32.0
overload,burnout,30,7,28,2,2,4,76.98,0.211,overloaded,1188.1,109.0
optimizer,burnout,30,7,28,2,1,4,5.45,0.19,open,853.44,84.0
low_energy,burnout,30,7,10,20,7,2,0,0.3,returning,91.6,10.0
adversarial,burnout,30,7,24,6,5,6,68.0,0.237,returning,1265.4,114.0
perfect,potential,30,7,30,0,0,4,1.62,0.2,open,600.0,60.0
cautious,potential,30,7,21,9,6,2,0,0.286,returning,196.56,21.0
balanced,potential,30,7,25,5,3,4,1.04,0.22,open,490.0,50.0
chaotic,potential,30,7,16,14,9,2,2.0,0.229,returning,497.28,48.0
high_skip,potential,30,7,9,21,6,1,0,0.333,returning,84.96,9.0
returning,potential,30,7,16,14,6,3,0,0.219,returning,308.48,32.0
overload,potential,30,7,29,1,1,4,76.41,0.257,overloaded,1231.7,113.0
optimizer,potential,30,7,26,4,4,4,3.13,0.192,returning,792.48,78.0
low_energy,potential,30,7,13,17,9,6,0,0.385,returning,119.08,13.0
adversarial,potential,30,7,23,7,4,5,66.19,0.216,sustainable,1232.1,111.0
perfect,return,30,7,30,0,0,4,1.62,0.267,open,600.0,60.0
cautious,return,30,7,16,14,3,1,0,0.25,open,149.76,16.0
balanced,return,30,7,20,10,5,3,0.52,0.225,returning,392.0,40.0
chaotic,return,30,7,14,16,6,1,2.0,0.238,returning,435.12,42.0
high_skip,return,30,7,7,23,6,0,0,0.429,returning,66.08,7.0
returning,return,30,7,18,12,8,1,0.29,0.194,returning,347.04,36.0
overload,return,30,7,30,0,0,5,70.79,0.224,open,1264.4,116.0
optimizer,return,30,7,29,1,1,4,3.13,0.195,open,883.92,87.0
low_energy,return,30,7,12,18,9,6,0,0.333,returning,109.92,12.0
adversarial,return,30,7,25,5,4,6,69.22,0.202,returning,1320.9,119.0
perfect,lost,90,7,89,1,1,12,4.87,0.213,open,1780.0,178.0
cautious,lost,90,7,58,32,24,6,0,0.259,returning,542.88,58.0
balanced,lost,90,7,72,18,13,9,0,0.188,returning,1411.2,144.0
chaotic,lost,90,7,50,40,23,8,8.0,0.207,sustainable,1554.0,150.0
high_skip,lost,90,7,23,67,17,5,0,0.261,returning,217.12,23.0
returning,lost,90,7,58,32,22,9,0,0.198,returning,1118.24,116.0
overload,lost,90,7,82,8,8,21,67.72,0.213,sustainable,3226.4,296.0
optimizer,lost,90,7,86,4,4,10,18.88,0.19,sustainable,2621.28,258.0
low_energy,lost,90,7,32,58,19,6,0,0.219,returning,293.12,32.0
adversarial,lost,90,7,65,25,16,22,67.05,0.19,sustainable,3330.0,300.0
perfect,burnout,90,7,87,3,3,12,4.87,0.195,open,1740.0,174.0
cautious,burnout,90,7,58,32,22,7,0,0.276,returning,542.88,58.0
balanced,burnout,90,7,72,18,15,11,1.57,0.222,returning,1411.2,144.0
chaotic,burnout,90,7,48,42,26,5,5.21,0.208,returning,1491.84,144.0
high_skip,burnout,90,7,18,72,12,3,0,0.389,returning,169.92,18.0
returning,burnout,90,7,53,37,23,8,0.29,0.198,returning,1021.84,106.0
overload,burnout,90,7,77,13,10,19,69.84,0.203,sustainable,3062.9,281.0
optimizer,burnout,90,7,84,6,6,10,18.34,0.19,sustainable,2560.32,252.0
low_energy,burnout,90,7,37,53,24,13,0,0.351,returning,338.92,37.0
adversarial,burnout,90,7,64,26,16,21,68.41,0.205,sustainable,3196.8,288.0
perfect,potential,90,7,89,1,1,12,4.87,0.197,sustainable,1780.0,178.0
cautious,potential,90,7,54,36,22,6,0,0.241,returning,505.44,54.0
balanced,potential,90,7,73,17,14,11,1.57,0.192,returning,1430.8,146.0
chaotic,potential,90,7,43,47,26,5,2.0,0.209,sustainable,1336.44,129.0
high_skip,potential,90,7,18,72,15,0,0,0.278,returning,169.92,18.0
returning,potential,90,7,54,36,24,7,1.16,0.194,returning,1041.12,108.0
overload,potential,90,7,80,10,9,19,77.91,0.187,returning,3150.1,289.0
optimizer,potential,90,7,79,11,7,11,5.63,0.198,sustainable,2407.92,237.0
low_energy,potential,90,7,35,55,22,13,0,0.343,returning,320.6,35.0
adversarial,potential,90,7,67,23,15,23,68.87,0.179,sustainable,3407.7,307.0
perfect,return,90,7,90,0,0,12,4.87,0.206,sustainable,1800.0,180.0
cautious,return,90,7,52,38,23,8,0,0.231,returning,486.72,52.0
balanced,return,90,7,69,21,15,10,3.13,0.203,returning,1352.4,138.0
chaotic,return,90,7,47,43,22,6,2.0,0.22,returning,1460.76,141.0
high_skip,return,90,7,24,66,18,3,0,0.292,returning,226.56,24.0
returning,return,90,7,48,42,23,6,0.87,0.26,returning,925.44,96.0
overload,return,90,7,80,10,9,20,71.14,0.198,returning,3193.7,293.0
optimizer,return,90,7,85,5,5,10,15.11,0.192,sustainable,2590.8,255.0
low_energy,return,90,7,33,57,23,8,0,0.242,returning,302.28,33.0
adversarial,return,90,7,60,30,20,18,68.76,0.219,sustainable,3041.4,274.0
perfect,lost,180,7,174,6,6,23,4.06,0.21,sustainable,3480.0,348.0
cautious,lost,180,7,115,65,51,14,0,0.217,returning,1076.4,115.0
balanced,lost,180,7,152,28,22,21,0.52,0.197,sustainable,2979.2,304.0
chaotic,lost,180,7,92,88,48,7,1.8,0.192,sustainable,2859.36,276.0
high_skip,lost,180,7,50,130,41,9,0,0.32,returning,472.0,50.0
returning,lost,180,7,101,79,45,14,0.29,0.218,sustainable,1947.28,202.0
overload,lost,180,7,154,26,22,40,73.16,0.198,returning,5842.4,536.0
optimizer,lost,180,7,167,13,10,22,7.83,0.196,integrated,5090.16,501.0
low_energy,lost,180,7,92,88,36,31,0,0.207,returning,842.72,92.0
adversarial,lost,180,7,116,64,51,38,76.04,0.206,returning,5827.5,525.0
perfect,burnout,180,7,180,0,0,25,4.06,0.178,integrated,3600.0,360.0
cautious,burnout,180,7,109,71,41,15,0,0.193,returning,1020.24,109.0
balanced,burnout,180,7,152,28,22,22,2.61,0.188,sustainable,2979.2,304.0
chaotic,burnout,180,7,94,86,46,17,2.0,0.188,sustainable,2921.52,282.0
high_skip,burnout,180,7,35,145,26,5,0,0.286,returning,330.4,35.0
returning,burnout,180,7,108,72,43,22,0.29,0.204,returning,2082.24,216.0
overload,burnout,180,7,145,35,32,37,73.24,0.186,returning,5635.3,517.0
optimizer,burnout,180,7,170,10,10,25,4.06,0.196,integrated,5181.6,510.0
low_energy,burnout,180,7,85,95,45,25,0,0.235,returning,778.6,85.0
adversarial,burnout,180,7,125,55,38,46,69.0,0.195,sustainable,6327.0,570.0
perfect,potential,180,7,177,3,3,24,4.06,0.212,integrated,3540.0,354.0
cautious,potential,180,7,103,77,49,15,0,0.223,returning,964.08,103.0
balanced,potential,180,7,143,37,26,23,1.04,0.189,sustainable,2802.8,286.0
chaotic,potential,180,7,99,81,42,13,8.0,0.182,integrated,3076.92,297.0
high_skip,potential,180,7,50,130,35,6,0,0.2,returning,472.0,50.0
returning,potential,180,7,101,79,48,14,0.58,0.198,sustainable,1947.28,202.0
overload,potential,180,7,158,22,20,43,76.48,0.174,returning,6125.8,562.0
optimizer,potential,180,7,169,11,10,24,7.83,0.197,integrated,5151.12,507.0
low_energy,potential,180,7,69,111,39,25,0,0.217,returning,632.04,69.0
adversarial,potential,180,7,127,53,33,47,72.24,0.192,returning,6482.4,584.0
perfect,return,180,7,179,1,1,25,4.06,0.176,integrated,3580.0,358.0
cautious,return,180,7,113,67,39,15,0,0.23,returning,1057.68,113.0
balanced,return,180,7,132,48,40,19,0.52,0.216,sustainable,2587.2,264.0
chaotic,return,180,7,93,87,46,14,0,0.201,integrated,2890.44,279.0
high_skip,return,180,7,44,136,31,10,0,0.227,returning,415.36,44.0
returning,return,180,7,109,71,46,14,0.29,0.206,sustainable,2101.52,218.0
overload,return,180,7,164,16,15,46,67.26,0.177,sustainable,6234.8,572.0
optimizer,return,180,7,171,9,9,25,7.83,0.197,integrated,5212.08,513.0
low_energy,return,180,7,81,99,47,25,0,0.21,returning,741.96,81.0
adversarial,return,180,7,126,54,38,45,75.2,0.177,returning,6327.0,570.0
perfect,lost,30,8,30,0,0,4,1.62,0.217,open,600.0,60.0
cautious,lost,30,8,19,11,7,1,0,0.421,returning,177.84,19.0
balanced,lost,30,8,23,7,5,3,1.04,0.217,returning,450.8,46.0
chaotic,lost,30,8,12,18,9,1,3.4,0.25,returning,372.96,36.0
high_skip,lost,30,8,9,21,5,2,0,0.333,returning,84.96,9.0
returning,lost,30,8,20,10,7,4,0,0.275,returning,385.6,40.0
overload,lost,30,8,30,0,0,5,70.79,0.216,open,1264.4,116.0
optimizer,lost,30,8,27,3,3,4,3.13,0.198,open,822.96,81.0
low_energy,lost,30,8,14,16,8,4,0,0.286,returning,128.24,14.0
adversarial,lost,30,8,24,6,3,5,72.0,0.219,open,1265.4,114.0
perfect,burnout,30,8,30,0,0,4,1.62,0.25,open,600.0,60.0
cautious,burnout,30,8,19,11,7,2,0,0.263,returning,177.84,19.0
balanced,burnout,30,8,24,6,4,2,1.45,0.229,returning,470.4,48.0
chaotic,burnout,30,8,17,13,9,2,4.0,0.314,returning,528.36,51.0
high_skip,burnout,30,8,9,21,6,2,0,0.333,returning,84.96,9.0
returning,burnout,30,8,20,10,6,4,0.58,0.2,returning,385.6,40.0
overload,burnout,30,8,26,4,4,4,66.23,0.214,returning,1122.7,103.0
optimizer,burnout,30,8,30,0,0,4,12.98,0.189,open,914.4,90.0
low_energy,burnout,30,8,12,18,7,3,0,0.25,returning,109.92,12.0
adversarial,burnout,30,8,25,5,5,7,67.62,0.231,returning,1343.1,121.0
perfect,potential,30,8,30,0,0,4,1.62,0.217,open,600.0,60.0
cautious,potential,30,8,15,15,6,1,0,0.333,returning,140.4,15.0
balanced,potential,30,8,24,6,6,3,1.04,0.375,returning,470.4,48.0
chaotic,potential,30,8,12,18,7,1,5.41,0.278,returning,372.96,36.0
high_skip,potential,30,8,11,19,6,1,0,0.364,returning,103.84,11.0
returning,potential,30,8,17,13,9,4,0.29,0.235,returning,327.76,34.0
overload,potential,30,8,28,2,2,4,72.09,0.27,overloaded,1209.9,111.0
optimizer,potential,30,8,28,2,2,4,3.13,0.19,open,853.44,84.0
low_energy,potential,30,8,22,8,5,6,0,0.227,returning,201.52,22.0
adversarial,potential,30,8,20,10,6,3,67.14,0.198,returning,1065.6,96.0
perfect,return,30,8,30,0,0,4,1.62,0.217,open,600.0,60.0
cautious,return,30,8,18,12,5,2,0,0.278,returning,168.48,18.0
balanced,return,30,8,27,3,2,4,1.04,0.204,open,529.2,54.0
chaotic,return,30,8,15,15,5,1,2.0,0.244,returning,466.2,45.0
high_skip,return,30,8,7,23,6,2,0,0.286,returning,66.08,7.0
returning,return,30,8,17,13,8,3,0,0.235,returning,327.76,34.0
overload,return,30,8,27,3,2,4,66.72,0.194,open,1177.2,108.0
optimizer,return,30,8,28,2,2,4,1.57,0.19,open,853.44,84.0
low_energy,return,30,8,13,17,8,4,0,0.308,returning,119.08,13.0
adversarial,return,30,8,21,9,7,4,65.57,0.219,returning,1165.5,105.0
perfect,lost,90,8,89,1,1,12,4.87,0.23,open,1780.0,178.0
cautious,lost,90,8,51,39,21,6,0,0.216,returning,477.36,51.0
balanced,lost,90,8,72,18,16,12,0.52,0.208,returning,1411.2,144.0
chaotic,lost,90,8,40,50,19,6,3.8,0.242,returning,1243.2,120.0
high_skip,lost,90,8,19,71,16,3,0,0.263,returning,179.36,19.0
returning,lost,90,8,63,27,20,10,0.87,0.206,returning,1214.64,126.0
overload,lost,90,8,81,9,8,20,76.52,0.209,returning,3226.4,296.0
optimizer,lost,90,8,84,6,5,11,7.83,0.194,sustainable,2560.32,252.0
low_energy,lost,90,8,37,53,22,12,0,0.243,returning,338.92,37.0
adversarial,lost,90,8,72,18,14,26,74.56,0.185,returning,3663.0,330.0
perfect,burnout,90,8,90,0,0,12,4.87,0.211,open,1800.0,180.0
cautious,burnout,90,8,61,29,22,11,0,0.295,returning,570.96,61.0
balanced,burnout,90,8,68,22,15,10,2.09,0.228,returning,1332.8,136.0
chaotic,burnout,90,8,43,47,21,4,2.0,0.194,returning,1336.44,129.0
high_skip,burnout,90,8,22,68,16,4,0,0.273,returning,207.68,22.0
returning,burnout,90,8,43,47,25,6,0.29,0.221,returning,829.04,86.0
overload,burnout,90,8,82,8,8,21,73.66,0.207,returning,3215.5,295.0
optimizer,burnout,90,8,85,5,4,12,9.4,0.192,sustainable,2590.8,255.0
low_energy,burnout,90,8,41,49,26,14,0,0.293,returning,375.56,41.0
adversarial,burnout,90,8,71,19,15,26,73.34,0.188,returning,3607.5,325.0
perfect,potential,90,8,90,0,0,12,4.87,0.189,sustainable,1800.0,180.0
cautious,potential,90,8,56,34,24,4,0,0.232,returning,524.16,56.0
balanced,potential,90,8,73,17,12,9,0,0.212,returning,1430.8,146.0
chaotic,potential,90,8,41,49,25,6,6.0,0.22,sustainable,1274.28,123.0
high_skip,potential,90,8,19,71,14,2,0,0.316,returning,179.36,19.0
returning,potential,90,8,53,37,25,4,0.29,0.208,returning,1021.84,106.0
overload,potential,90,8,81,9,8,20,70.16,0.203,returning,3161.0,290.0
optimizer,potential,90,8,82,8,8,11,9.4,0.195,sustainable,2499.36,246.0
low_energy,potential,90,8,50,40,23,19,0,0.28,returning,458.0,50.0
adversarial,potential,90,8,66,24,15,22,72.86,0.201,returning,3363.3,303.0
perfect,return,90,8,89,1,1,12,1.86,0.185,sustainable,1780.0,178.0
cautious,return,90,8,58,32,23,9,0,0.293,returning,542.88,58.0
balanced,return,90,8,75,15,14,10,0.52,0.213,returning,1470.0,150.0
chaotic,return,90,8,41,49,22,6,0,0.276,returning,1274.28,123.0
high_skip,return,90,8,19,71,15,0,0,0.316,returning,179.36,19.0
returning,return,90,8,50,40,26,3,0,0.2,returning,964.0,100.0
overload,return,90,8,81,9,7,20,68.05,0.201,sustainable,3139.2,288.0
optimizer,return,90,8,88,2,2,12,9.4,0.193,sustainable,2682.24,264.0
low_energy,return,90,8,44,46,22,16,0,0.205,returning,403.04,44.0
adversarial,return,90,8,64,26,24,21,74.65,0.194,returning,3318.9,299.0
perfect,lost,180,8,179,1,1,25,4.06,0.184,integrated,3580.0,358.0
cautious,lost,180,8,117,63,43,16,0,0.214,returning,1095.12,117.0
balanced,lost,180,8,140,40,33,22,2.61,0.186,sustainable,2744.0,280.0
chaotic,lost,180,8,86,94,44,15,2.0,0.202,sustainable,2672.88,258.0
high_skip,lost,180,8,52,128,43,8,0,0.192,returning,490.88,52.0
returning,lost,180,8,108,72,42,13,1.16,0.255,sustainable,2082.24,216.0
overload,lost,180,8,154,26,24,41,69.57,0.193,sustainable,5918.7,543.0
optimizer,lost,180,8,175,5,5,23,13.05,0.194,integrated,5334.0,525.0
low_energy,lost,180,8,86,94,48,27,0,0.256,returning,787.76,86.0
adversarial,lost,180,8,127,53,34,47,70.03,0.184,returning,6449.1,581.0
perfect,burnout,180,8,177,3,3,25,4.06,0.201,sustainable,3540.0,354.0
cautious,burnout,180,8,114,66,44,13,0,0.211,returning,1067.04,114.0
balanced,burnout,180,8,144,36,31,19,1.04,0.201,sustainable,2822.4,288.0
chaotic,burnout,180,8,98,82,48,11,6.0,0.184,sustainable,3045.84,294.0
high_skip,burnout,180,8,47,133,33,9,0,0.255,returning,443.68,47.0
returning,burnout,180,8,99,81,45,16,0.29,0.197,returning,1908.72,198.0
overload,burnout,180,8,166,14,13,48,72.54,0.198,returning,6398.3,587.0
optimizer,burnout,180,8,170,10,9,25,7.83,0.196,integrated,5181.6,510.0
low_energy,burnout,180,8,95,85,45,33,0,0.253,returning,870.2,95.0
adversarial,burnout,180,8,120,60,34,44,66.76,0.181,sustainable,6204.9,559.0
perfect,potential,180,8,178,2,2,24,4.06,0.18,integrated,3560.0,356.0
cautious,potential,180,8,109,71,41,17,0,0.22,returning,1020.24,109.0
balanced,potential,180,8,143,37,31,15,2.61,0.21,sustainable,2802.8,286.0
chaotic,potential,180,8,82,98,39,9,0,0.187,sustainable,2548.56,246.0
high_skip,potential,180,8,36,144,29,9,0,0.222,returning,339.84,36.0
returning,potential,180,8,104,76,44,17,0.29,0.197,sustainable,2005.12,208.0
overload,potential,180,8,163,17,15,46,73.53,0.183,returning,6322.0,580.0
optimizer,potential,180,8,172,8,7,23,7.83,0.196,integrated,5242.56,516.0
low_energy,potential,180,8,84,96,45,29,0,0.202,returning,769.44,84.0
adversarial,potential,180,8,117,63,42,39,74.46,0.192,returning,5894.1,531.0
perfect,return,180,8,179,1,1,25,4.06,0.187,integrated,3580.0,358.0
cautious,return,180,8,113,67,40,14,0,0.186,returning,1057.68,113.0
balanced,return,180,8,134,46,31,14,0,0.194,sustainable,2626.4,268.0
chaotic,return,180,8,89,91,44,12,4.0,0.187,sustainable,2766.12,267.0
high_skip,return,180,8,44,136,33,7,0,0.205,returning,415.36,44.0
returning,return,180,8,111,69,45,18,0,0.221,sustainable,2140.08,222.0
overload,return,180,8,162,18,17,45,71.74,0.195,returning,6213.0,570.0
optimizer,return,180,8,169,11,10,25,7.83,0.197,integrated,5151.12,507.0
low_energy,return,180,8,86,94,48,32,0,0.198,returning,787.76,86.0
adversarial,return,180,8,126,54,41,46,65.4,0.186,sustainable,6338.1,571.0
perfect,lost,30,9,30,0,0,4,1.62,0.233,open,600.0,60.0
cautious,lost,30,9,13,17,8,1,0,0.385,returning,121.68,13.0
balanced,lost,30,9,24,6,4,4,0,0.208,returning,470.4,48.0
chaotic,lost,30,9,16,14,5,2,5.41,0.271,returning,497.28,48.0
high_skip,lost,30,9,13,17,5,2,0,0.231,returning,122.72,13.0
returning,lost,30,9,20,10,5,3,0,0.35,returning,385.6,40.0
overload,lost,30,9,26,4,3,3,71.28,0.25,open,1133.6,104.0
optimizer,lost,30,9,28,2,2,4,3.13,0.19,open,853.44,84.0
low_energy,lost,30,9,13,17,5,6,0,0.385,returning,119.08,13.0
adversarial,lost,30,9,22,8,5,4,72.58,0.22,returning,1209.9,109.0
perfect,burnout,30,9,30,0,0,4,1.62,0.217,open,600.0,60.0
cautious,burnout,30,9,19,11,6,3,0,0.316,returning,177.84,19.0
balanced,burnout,30,9,25,5,3,4,0.52,0.26,open,490.0,50.0
chaotic,burnout,30,9,17,13,7,3,0.81,0.216,returning,528.36,51.0
high_skip,burnout,30,9,9,21,6,1,0,0.222,returning,84.96,9.0
returning,burnout,30,9,16,14,9,0,0.58,0.25,returning,308.48,32.0
overload,burnout,30,9,27,3,2,4,71.6,0.217,open,1155.4,106.0
optimizer,burnout,30,9,27,3,3,4,3.13,0.198,open,822.96,81.0
low_energy,burnout,30,9,16,14,8,6,0,0.25,returning,146.56,16.0
adversarial,burnout,30,9,23,7,5,5,74.39,0.214,returning,1243.2,112.0
perfect,potential,30,9,30,0,0,4,1.62,0.217,open,600.0,60.0
cautious,potential,30,9,18,12,8,1,0,0.278,returning,168.48,18.0
balanced,potential,30,9,24,6,4,3,1.04,0.25,returning,470.4,48.0
chaotic,potential,30,9,20,10,6,2,4.0,0.25,returning,621.6,60.0
high_skip,potential,30,9,10,20,5,1,0,0.3,returning,94.4,10.0
returning,potential,30,9,15,15,7,0,0,0.233,returning,289.2,30.0
overload,potential,30,9,24,6,5,2,69.42,0.229,returning,1046.4,96.0
optimizer,potential,30,9,28,2,1,4,3.13,0.19,open,853.44,84.0
low_energy,potential,30,9,17,13,8,5,0,0.294,returning,155.72,17.0
adversarial,potential,30,9,17,13,6,3,43.7,0.235,returning,943.5,85.0
perfect,return,30,9,30,0,0,4,1.62,0.217,open,600.0,60.0
cautious,return,30,9,18,12,7,2,0,0.333,returning,168.48,18.0
balanced,return,30,9,24,6,3,2,1.04,0.271,open,470.4,48.0
chaotic,return,30,9,13,17,5,1,0,0.256,returning,404.04,39.0
high_skip,return,30,9,7,23,5,2,0,0.286,returning,66.08,7.0
returning,return,30,9,18,12,7,3,0.58,0.25,returning,347.04,36.0
overload,return,30,9,29,1,1,4,76.41,0.204,overloaded,1231.7,113.0
optimizer,return,30,9,23,7,5,3,6.56,0.203,returning,701.04,69.0
low_energy,return,30,9,14,16,8,6,0,0.286,returning,128.24,14.0
adversarial,return,30,9,23,7,4,4,77.19,0.261,returning,1232.1,111.0
perfect,lost,90,9,90,0,0,12,4.87,0.211,open,1800.0,180.0
cautious,lost,90,9,65,25,17,9,0,0.215,returning,608.4,65.0
balanced,lost,90,9,74,16,11,11,2.09,0.203,returning,1450.4,148.0
chaotic,lost,90,9,38,52,21,2,0,0.246,returning,1181.04,114.0
high_skip,lost,90,9,22,68,16,3,0,0.273,returning,207.68,22.0
returning,lost,90,9,50,40,21,7,0.58,0.22,returning,964.0,100.0
overload,lost,90,9,79,11,10,19,71.47,0.189,returning,3106.5,285.0
optimizer,lost,90,9,87,3,2,12,9.4,0.195,sustainable,2651.76,261.0
low_energy,lost,90,9,43,47,19,15,0,0.233,returning,393.88,43.0
adversarial,lost,90,9,61,29,19,19,67.18,0.2,sustainable,3108.0,280.0
perfect,burnout,90,9,88,2,2,12,4.87,0.199,open,1760.0,176.0
cautious,burnout,90,9,54,36,24,8,0,0.296,returning,505.44,54.0
balanced,burnout,90,9,68,22,18,9,0,0.206,returning,1332.8,136.0
chaotic,burnout,90,9,47,43,20,6,4.0,0.206,returning,1460.76,141.0
high_skip,burnout,90,9,16,74,12,3,0,0.312,returning,151.04,16.0
returning,burnout,90,9,56,34,20,8,0,0.205,returning,1079.68,112.0
overload,burnout,90,9,78,12,10,19,69.92,0.183,sustainable,3041.1,279.0
optimizer,burnout,90,9,85,5,4,12,5.63,0.192,sustainable,2590.8,255.0
low_energy,burnout,90,9,48,42,21,12,0,0.271,returning,439.68,48.0
adversarial,burnout,90,9,71,19,16,25,75.91,0.182,returning,3529.8,318.0
perfect,potential,90,9,90,0,0,12,4.87,0.222,sustainable,1800.0,180.0
cautious,potential,90,9,55,35,23,9,0,0.218,returning,514.8,55.0
balanced,potential,90,9,67,23,22,10,1.04,0.224,returning,1313.2,134.0
chaotic,potential,90,9,50,40,24,8,7.8,0.207,sustainable,1554.0,150.0
high_skip,potential,90,9,19,71,17,3,0,0.263,returning,179.36,19.0
returning,potential,90,9,52,38,21,9,0.29,0.212,returning,1002.56,104.0
overload,potential,90,9,82,8,8,20,73.42,0.189,returning,3171.9,291.0
optimizer,potential,90,9,88,2,2,12,9.4,0.193,sustainable,2682.24,264.0
low_energy,potential,90,9,40,50,25,13,0,0.25,returning,366.4,40.0
adversarial,potential,90,9,65,25,17,22,68.25,0.186,sustainable,3341.1,301.0
perfect,return,90,9,90,0,0,12,4.87,0.233,open,1800.0,180.0
cautious,return,90,9,55,35,23,7,0,0.218,returning,514.8,55.0
balanced,return,90,9,72,18,16,9,3.13,0.208,returning,1411.2,144.0
chaotic,return,90,9,45,45,19,4,5.01,0.193,returning,1398.6,135.0
high_skip,return,90,9,24,66,17,2,0,0.333,returning,226.56,24.0
returning,return,90,9,53,37,19,10,0.87,0.208,returning,1021.84,106.0
overload,return,90,9,76,14,12,18,67.4,0.199,sustainable,3019.3,277.0
optimizer,return,90,9,86,4,4,11,9.4,0.19,sustainable,2621.28,258.0
low_energy,return,90,9,39,51,22,16,0,0.231,returning,357.24,39.0
adversarial,return,90,9,61,29,21,20,67.01,0.201,sustainable,3207.9,289.0
perfect,lost,180,9,179,1,1,25,4.06,0.187,integrated,3580.0,358.0
cautious,lost,180,9,116,64,42,17,0,0.233,returning,1085.76,116.0
balanced,lost,180,9,142,38,33,20,1.04,0.197,sustainable,2783.2,284.0
chaotic,lost,180,9,83,97,47,9,1.8,0.213,sustainable,2579.64,249.0
high_skip,lost,180,9,40,140,31,7,0,0.3,returning,377.6,40.0
returning,lost,180,9,106,74,41,16,0,0.231,sustainable,2043.68,212.0
overload,lost,180,9,162,18,17,45,75.98,0.192,returning,6256.6,574.0
optimizer,lost,180,9,165,15,14,22,7.83,0.196,integrated,5029.2,495.0
low_energy,lost,180,9,83,97,48,29,0,0.265,returning,760.28,83.0
adversarial,lost,180,9,138,42,35,53,74.97,0.19,returning,6893.1,621.0
perfect,burnout,180,9,178,2,1,25,1.05,0.197,sustainable,3560.0,356.0
cautious,burnout,180,9,110,70,45,14,0,0.218,returning,1029.6,110.0
balanced,burnout,180,9,135,45,32,22,1.57,0.181,sustainable,2646.0,270.0
chaotic,burnout,180,9,98,82,47,17,6.0,0.201,sustainable,3045.84,294.0
high_skip,burnout,180,9,41,139,33,5,0,0.293,returning,387.04,41.0
returning,burnout,180,9,110,70,40,13,1.45,0.2,returning,2120.8,220.0
overload,burnout,180,9,162,18,16,46,67.74,0.177,sustainable,6213.0,570.0
optimizer,burnout,180,9,166,14,13,20,19.16,0.193,integrated,5059.68,498.0
low_energy,burnout,180,9,86,94,43,32,0,0.221,returning,787.76,86.0
adversarial,burnout,180,9,128,52,31,48,69.24,0.185,sustainable,6471.3,583.0
perfect,potential,180,9,180,0,0,25,4.06,0.2,integrated,3600.0,360.0
cautious,potential,180,9,112,68,42,17,0,0.214,returning,1048.32,112.0
balanced,potential,180,9,139,41,33,21,0,0.194,sustainable,2724.4,278.0
chaotic,potential,180,9,84,96,46,12,0,0.19,integrated,2610.72,252.0
high_skip,potential,180,9,52,128,41,7,0,0.269,returning,490.88,52.0
returning,potential,180,9,98,82,41,14,0,0.204,sustainable,1889.44,196.0
overload,potential,180,9,164,16,16,46,73.61,0.199,returning,6300.2,578.0
optimizer,potential,180,9,169,11,11,24,4.7,0.197,integrated,5151.12,507.0
low_energy,potential,180,9,80,100,47,25,0,0.212,returning,732.8,80.0
adversarial,potential,180,9,126,54,35,46,66.8,0.191,sustainable,6338.1,571.0
perfect,return,180,9,178,2,2,24,4.06,0.216,integrated,3560.0,356.0
cautious,return,180,9,110,70,48,16,0,0.2,returning,1029.6,110.0
balanced,return,180,9,141,39,30,19,2.61,0.191,sustainable,2763.6,282.0
chaotic,return,180,9,90,90,40,12,3.8,0.222,sustainable,2797.2,270.0
high_skip,return,180,9,56,124,39,7,0,0.196,returning,528.64,56.0
returning,return,180,9,105,75,44,13,0,0.224,sustainable,2024.4,210.0
overload,return,180,9,159,21,18,44,69.79,0.186,sustainable,6147.6,564.0
optimizer,return,180,9,169,11,9,25,4.06,0.197,integrated,5151.12,507.0
low_energy,return,180,9,78,102,45,29,0,0.244,returning,714.48,78.0
adversarial,return,180,9,122,58,41,43,75.16,0.181,returning,6204.9,559.0
