path,size_bytes,mode,sha256
.env.example,305,0o644,78d1878f1afa0995f8ef0beacd05603badaa4de97c56e870ffadf8a54defa6da
.github/workflows/ci.yml,1840,0o644,e8c983d96e934f6c14eb3f4c7b262eb8bfcec3c3334b70a092f38e355569ad22
ASSET_LICENSES.md,1311,0o644,90a9ab26d2c73307c18fd59f2447da4d1c0676c50e6f8c90d35a45b5f352447f
BASELINE_AUDIT.md,1953,0o644,c3678b8466c110e5d19f08f02809016afa6e0016cf5a9eb4923b101eacbce837
CHANGELOG.md,3157,0o644,0beb190e1377860aec1a4144e4a3891da27b88d38d8bb42f60e981f304f78c78
DEFECT_LOG.md,1564,0o644,d7a4e4243fef56d8c838eb48cd9bdba3b6e965bdf56eb8c38438e5d284df12f9
DELIVERY_MANIFEST.md,1587,0o644,f49e70639a4893bc33a0f1172a2109fae3af896355ceb50f891da3e21599532c
LICENSE,372,0o644,4791d287aa9a0e7709969a5d5a51b8f22c144fabe29a60762a70866597f64831
PRODUCT_TRUTH_AUDIT.md,2402,0o644,1017e186cd0e9f2e475e7627d01d18bf34732b4cff3a6e11a721b059953dc670
PROJECT_STATUS.md,1485,0o644,d28cbb4c7bab822c36ecfcf68cd443f21020a704de28f5612e31e95135557368
QUALITY_SCORECARD.md,2256,0o644,f03d9f360676c4beb0ba9d3f62a40f4b1525812fc93d9575b1c1c329da46cc19
README.md,5295,0o644,058ae2636038fadfb422433f6f9766ad99090e5712986053b04bcab5be6ac23c
RELEASE_NOTES.md,1211,0o644,5ed559b9f3d381297d28bb447d91f68c59168802874f78149a61bd7420eb8dd4
RUN_ME_FIRST.md,8603,0o644,3b9dccdf906024e9712825c167f0f1a6c0c014185be5b1c19c1e46d8df1458eb
TEST_REPORT.md,1532,0o644,eac65b0b8e10d28abfe11cfdf3be8e9910d64cbd476464e9cf235b80f6c648f5
THIRD_PARTY_NOTICES.md,981,0o644,7553f05b7784bc85db5bb93f29d5365979ebc32af68b68c94119134d6d5f6688
UPGRADE_TO_10_OF_10/ACCEPTANCE_MATRIX_10_OF_10.md,5882,0o644,f633e86f2e4ede30efe10c1e4dc3a2a1643b9e79a7520d385c82b7c98361cc07
UPGRADE_TO_10_OF_10/DOWNLOAD_VERIFICATION_REPORT.md,1739,0o644,20862e83476b562f3058181d5c2cfc41bbcd1e41453a6203861ab47594c448e1
UPGRADE_TO_10_OF_10/EXECUTION_CHECKLIST_10_OF_10.md,2870,0o644,4b7f45e7253849a218db6bfb166444208bfdfff756e6c53b74265c006a0f568f
UPGRADE_TO_10_OF_10/MASTER_PROMPT_10_OF_10.md,35379,0o644,12daf238df4876bb2ae3e06c813881f57c5a307dc7c29f9c3697edb1b39acd90
UPGRADE_TO_10_OF_10/ORIGINAL_SOURCE_SHA256.txt,110,0o644,469d8bcbca4a95272924e26729496c37d76496e746fca70ad9c9ea01932f617f
VERSION,6,0o644,746472de66b936ac885ca6d6e68058242b4e909e3260c6317f3ec719f78f76cc
art_prompts/VISUAL_PROMPTS.md,2134,0o644,b323fde8d103cb30a8b6987f9e9bdc696a7c5e9f98f41092140207566ded3252
art_source/generated/recode-character-ensemble.png,1887084,0o644,912c5ddbf893661ec2e3cecda08dc49fc3569fdc61ecc3a3fba241bbc01812f2
art_source/generated/recode-meridian-cast-v6.png,1830231,0o644,4fa222a34765dfe9d046a35f863ed64f2029ee409a00b076c072895b49484b9b
art_source/generated/recode-meridian-hero-desktop-v6.png,2686877,0o644,7ccac2f7c8bb1a879891cedd9c6dade88363b498263189587410d749f2b415c7
art_source/generated/recode-meridian-hero-mobile-v6.png,1938421,0o644,c4759cf67ede46744ee2d4b9b14cbfdc3157848cce90e45aaa59a7c785eb28c0
art_source/generated/recode-meridian-hero.png,1682982,0o644,8064e3c180233a563b2733932a65a7c2783c7ad2a4239a9319260d70978212eb
backend/Dockerfile,191,0o644,4e00dd8a8d35580e030957dfb4026a9cbe4fb79a3082bbd2d448dd4f272376ea
backend/app/main.py,14862,0o644,3362af6fb6ee46b88d86b7cb657a8dbd21a0fd6fc38a2ddd8a320e1799390fbd
backend/compose.yaml,620,0o644,c9d428c521bab7accc55e396e75a46adcee72d678dd1da4793939becd6205ca4
backend/migrations/001_initial.sql,611,0o644,d960def5e077d8824ad753d2f0305c9aeba8ef726fdf5c163caae20de8569e46
backend/requirements.txt,60,0o644,eea28cff5cd757875ed744ea9703f2e215fac08dc0fe665c83eeffb846dc850e
backend/tests/test_contract.py,691,0o644,68aee052d9c88ae2c9a78b50a0c2f8bbadec5e90330f4803fe7f6d7b22171ca8
backend/tests/test_integration.py,7478,0o644,9e7a51cb4dd8aed19b1e2c89200da9a0056ff515c24598788cacd26b0e2d51c3
docs/ACCESSIBILITY.md,1463,0o644,df2cd81e4926aa0d597448578a25ad5e6420d45a6f6ed6e23c90784b2fbdd1de
docs/ACCESSIBILITY_REPORT.md,1076,0o644,6cb863faf4515c0184618aaba2bf857eb71c8d50da50dea552aec7ec1786a206
docs/AI_MENTOR.md,686,0o644,918f1659df00361f71fbea24e2ad07fb0c3cbebce72085cc7cd6ef5bb4815a37
docs/ANDROID_RELEASE.md,414,0o644,e2d737a05026eb106ee97227cb50c5205ac39d1ebf11c9a4ff5433338af797b9
docs/ARCHITECTURE.md,2603,0o644,50e3842e7456511f0131126c2ade7d7bb0bf6420046516894bc139c6cf41b4c4
docs/ART_BIBLE.md,3085,0o644,099c129191e71e9dc80811c8929fab2806d52f964fdd9ce9f953683de9f8c06e
docs/AUDIO_BIBLE.md,1724,0o644,29b853d407c6db1eab483ec102ccf8f06f3c96ad79c01d0730ce5c73c9014c1e
docs/BACKEND_DEPLOYMENT.md,399,0o644,9f59b52773627ff6fcf10a378dc0e8484c7ad127042fe1ec4fea363324d69681
docs/BACKEND_INTEGRATION_REPORT.md,1207,0o644,3f31c785d1883fa915d519f087391093ddf15dbea25be087fb12866dea34f413
docs/BALANCE_SIMULATION_REPORT.md,667,0o644,125014ec71908bb7d82a570edba81349f257f56e6a5cc38ff9ef73403ec57cb2
docs/CHARACTER_BIBLE.md,8643,0o644,102c94ffb11525e1603b80b57366a5b0a9a80cc202eb89b56c03feb554c79a98
docs/CONTENT_PIPELINE.md,390,0o644,a497ce9cc3853d09c2cd35f17ef6b82f3ab791ee9774db7a9dff235e33e6a3b3
docs/CREATOR_BROWSER_E2E.md,1175,0o644,b98ef848a05f3bcde2e36c04ffbfe1300cb9595e97b03266e7f58780fb5dc52d
docs/CREATOR_STUDIO.md,359,0o644,f4a415156d744176b3959d86e02ee76335b4acfe5482dc358975474bb4c61689
docs/CREATOR_STUDIO_QA.md,1118,0o644,c1214c551a7984d88ef888d28fa1c6b1c1663f31c89f45f0b5176e815e3e17b1
docs/DEPLOYMENT.md,4100,0o644,71e56f601522c6005128c37be3d55b1db78fa55895505a9a4db8de2af32a15c4
docs/DEPLOYMENT_EVIDENCE.md,610,0o644,bc11ed20a30baa36288da5945006cba266867118866545b5d1e1c67fac7bbd23
docs/DESKTOP_RELEASE.md,288,0o644,04b679c6e5df7cb323cd28ae0c6ba16fda59209d5389429c0fe39d5d26635292
docs/ECONOMY.md,437,0o644,311626e14f0c5f131991b5e60d4d29c6cdfb0709bb4509149b8b91d1377aaa49
docs/GDD.md,14742,0o644,726115aea404e0ae0a8926bf69e5b67f4d2413611a249f8f7f864edc7b22215d
docs/GODOT_NATIVE_QA.md,877,0o644,30f94255245ea53c035ed8a2f81950d76350e7918c0d35ee994e1b6ae09a6494
docs/HEALTH_INTEGRATIONS.md,573,0o644,7b32368cf7dde41ec25fad0f683a3530b9490083b3b7f700485fd2a02617f6b9
docs/HUMAN_VALIDATION_PLAN.md,1010,0o644,7e4b3e317123ac578a343299d268603bfc750ac2db3340ebe2d0205fe7676b56
docs/IOS_RELEASE.md,416,0o644,4f915b258c150d866e738cb7f6a3de50f597faa9229c2223af5be3935c2e5403
docs/KNOWN_LIMITATIONS.md,988,0o644,8e8eaee87a8586b8454086f1e0b79c55837ba6ff86683e9e0eae3ad086d5811c
docs/NARRATIVE_BIBLE.md,7248,0o644,390812879b4a239accfb7538e9f9c759ecb59fce9b2342e89d802701238cbe96
docs/NARRATIVE_EDITORIAL_REPORT.md,1193,0o644,12bdcd4e495aa15e485c53822c15907597324cbcd2542c648ce530fb38da5b19
docs/NATIVE_RELEASE_STATUS.md,901,0o644,1f88edfa44d8e019f6891bd2b88a518e833a060899370f36b499d1dfb636ac98
docs/PERFORMANCE_REPORT.md,954,0o644,ea3df5888471d8dd72dac80c07450548fc1d14ac232e55195348f929a520ea81
docs/PRIVACY.md,1940,0o644,d004a65cbf79d728e6563c69fa85319a7a51cab16878d9847c399405206df31e
docs/PRODUCT_TRUTH_AUDIT.md,2402,0o644,1017e186cd0e9f2e475e7627d01d18bf34732b4cff3a6e11a721b059953dc670
docs/PROGRESSION.md,409,0o644,c169f75739117887444dfc9b19d2790428121acc0421d7362aca3ec0773d37f3
docs/PROVENANCE.json,1782,0o644,f957eedc908e290dcbcc6de715f4c482842f6d126591502bf655ad0a29183f55
docs/QUALITY_LOOPS.md,867,0o644,a113ca84adc1e75cd78c3efbf846e02111dfda3d406208dfe7ef70638f5eada8
docs/RELEASE_7.0.0.md,2134,0o644,1da4c6effba7f20f01d2cb34157176102bc93ab30b1894e7de4bd18e9cc31ed8
docs/ROADMAP.md,353,0o644,ab8d46224203d93f22ae4c2bee05ffdb9c7a1b84a5b7e975f9548165e792e823
docs/SBOM.cdx.json,114004,0o644,0bd83f27ced471cf3bc3d81d23affcd5ac9d3669ac8b54edb3d3ed25c2af8aae
docs/SEASON_SIMULATION_REPORT.md,1364,0o644,d7cfd30d85eae649c1cbe3adcbb4fc13353604576d3576fde5880f701b08bc37
docs/SECURITY.md,2000,0o644,5531205b7f4310f7f672e988cfac509e260f8890ea70460831f73163be671ebb
docs/SECURITY_REPORT.md,1237,0o644,a417bd0967309ff3f3d433bd8ce21bd2da4fbe9e4ac47877f75ac80fbdeaa504
docs/SOURCE_AUDIT.md,7530,0o644,9158f0af5e06b6f75aa7da3e2d795a6206ddb2b2abf721e27c1a8771d04fc770
docs/STEAM_RELEASE.md,345,0o644,75b6a6297df94ca7e9ebcbcad4f9c9996299838309d8d92f91f9208a60992ffc
docs/STORE_CHECKLIST.md,439,0o644,8c9bbf17fe29a93e28c6c12febafeb2732b55c9ed25138eeebe68d433228f040
docs/STORE_READINESS.md,684,0o644,f30dfdab6d234c0fb541e12b0009ceecb8bdbe2cae9f0b8dd0860fb7c393e27d
docs/TECHNICAL_DESIGN.md,7705,0o644,00afefc7d8dec246c6da5ac77d7997f642cf9c555816d4dee657da9aea638cc0
docs/TEST_PLAN.md,3446,0o644,2cb65ed31c460b6eeec139fae57bc181686588d927f3464ef3e0013b61d58623
docs/TEST_REPORT.md,348,0o644,ed2ca739ecd6172a406cb90d8a08740467e8e5f110cefb89dba38419ee7f7527
docs/TRACEABILITY_MATRIX.md,2254,0o644,ab1437d2d2c4e1e5fb76a809918c5dab50640f93ff813657c466e34eb780e54f
docs/VISUAL_QA_REPORT.md,1308,0o644,1cceb19546f6286a1c232805cbaaee4eecafe4903d190be64106a4b9f7440cdf
docs/qa/archive-v5/balance-1200-first-fail.csv,80062,0o644,6d5a6a7c98c57a78455cc733f205d6bdfc326cd4a4c4345ac88b71bfbc148ab8
docs/qa/archive-v5/balance-1200-first-fail.json,952131,0o644,72b4632bbf4a631a8c990c2dc558ea2155e8dcb8883793cc7decf517ae401101
docs/qa/archive-v5/balance-1200.csv,80062,0o644,6d5a6a7c98c57a78455cc733f205d6bdfc326cd4a4c4345ac88b71bfbc148ab8
docs/qa/archive-v5/balance-1200.json,984821,0o644,d036bd0a9bbb6d409ef1925f94ca5ab0a3357586233d79712b1251da74bed14d
docs/qa/archive-v5/editorial-5.json,555,0o644,9738c39fc73d5641a171abc58f5361f5dc6d06ac476fee22aa26d25e2fad01b9
docs/qa/archive-v5/recode-5-landing-desktop.jpg,102403,0o644,441144e8c3d897b03087c6019f9471facd219436debfba632ab0d1bcad5e6a67
docs/qa/balance-5040.csv,339845,0o644,e977560c72d8ddac53f072c79df09107f64d523ee9580687cbee13d46a0727e4
docs/qa/balance-5040.json,4141507,0o644,df31ed4e1ea12329e53315440196d2d849d1f4484301f3910219881ae67f75d9
docs/qa/balance_simulation.json,40520,0o644,06f70bf80dcacdf4c78a5d4900eb13175343ff4e04448322c5f3946a1a8c24e2
docs/qa/editorial-v6.json,555,0o644,9738c39fc73d5641a171abc58f5361f5dc6d06ac476fee22aa26d25e2fad01b9
docs/qa/editorial_audit.json,1057,0o644,de0efbe1a8131bd4f60125452b89036f54c95568ff3ebfd95f20ba76e7220400
docs/qa/final/content.json,57,0o644,d6af1ed12c565502cd4df55dba6f337c878141e0ec4cd590ee857fe9aa315932
docs/qa/season-v6.json,3369,0o644,8c1739aa3c8c57e27a5419d8801f8446c17dd265362f7bce5b0aa7a404a87e28
docs/qa/season_simulation.json,3369,0o644,4c8728f63be14b71e398783c50e238b97caee0078d451012b31238e806945ee1
game/assets/backgrounds/production/meridian-map.webp,127416,0o644,af9a9488bee5ffb9ee0ed9195fa8db4a5303c6bc6b5b5179d3318d2af9c100f8
game/assets/backgrounds/story_01.svg,611,0o644,0d835ccc324682be52e695c1845c9b763d25bbe52bfa65aa2f77cb0dca0a4164
game/assets/backgrounds/story_02.svg,611,0o644,1cc292dc17251215521b4fdcb32feb9b002c8efd77b979ddb24b3a86f18c80b3
game/assets/backgrounds/story_03.svg,611,0o644,677b9431554ac01f4492609768e6e3f4b0b5c1aa9f208abedc9d43e59cef596c
game/assets/backgrounds/story_04.svg,611,0o644,e90f29f7280fda9d1d138c6427ff9f1a4d5d2d0cf29983f8e774cbc54b6bd805
game/assets/backgrounds/story_05.svg,610,0o644,ed3d1255a8693640637cbf02eb21446066b477de06f41e353c34105acc804d01
game/assets/backgrounds/story_06.svg,611,0o644,9f851a483fe0ce8e02381aa58da32c234be19da2ed04e2e3f61b547cadff058a
game/assets/backgrounds/story_07.svg,611,0o644,008f6e325b13d2a70ad29506a15fe0b08b04746789eccd508b9ffe6e3f82e70d
game/assets/backgrounds/story_08.svg,611,0o644,e941e24c494b819634158bab81f0ebb92687ac9f0bb22d43dcc7ba89226691a8
game/assets/backgrounds/story_09.svg,611,0o644,2060e666ee8fc5c6556b6a095527debc0b9c7b1c902429acc48e498fc0fa9a1f
game/assets/backgrounds/story_10.svg,611,0o644,6393efa93e587857cc74ac38262cb9b98444b6fd977872f15f997c2a06e898d0
game/assets/backgrounds/story_11.svg,612,0o644,e4d05c1e1060449226bfabaf50c3111ad27d0058333d54a4672dcf1579187232
game/assets/backgrounds/story_12.svg,612,0o644,10141d6dbf93546eb747d232ca41e05432d34d861a5223a5999cddd2743d84d8
game/assets/backgrounds/story_13.svg,612,0o644,5a28315a866ed870e3d9a199a3b951c39de0bac03d27294a6e8ba0bc4df61fff
game/assets/backgrounds/story_14.svg,612,0o644,3f6f51d1c097682250508e9bc541b0edd671cf4f7cab2ceeb92a86d394af9f66
game/assets/backgrounds/story_15.svg,610,0o644,f5c47cced1607895d458a78484d31f7945fb7700961df5043096c22b90a32c2d
game/assets/backgrounds/story_16.svg,611,0o644,fba772f0f9be03b7c6ae8b6e5eedfca9665c4e5cf3c47a1d5b0f753b26d2aafa
game/assets/backgrounds/story_17.svg,611,0o644,e3c435c811a542ced0b1d1279e15ef460d386943cc93a7174dc17096a42237fd
game/assets/backgrounds/story_18.svg,611,0o644,7aaad6a0a6be15440c163e7b21ef98d20364c5a60692acef0708c18ffa8335f6
game/assets/backgrounds/story_19.svg,611,0o644,9aca89fa6f52731a4e808f4331216ea3498282c808af52bdd5011c8c0b28e42b
game/assets/backgrounds/story_20.svg,610,0o644,7ff1657e4791aaded94a74e823baa1cc4ce9e9d2e8d150dafe3cb5e0df837ee7
game/assets/backgrounds/story_21.svg,611,0o644,f3217569020340afe43ca5ddeba7e49f30a3e2c2ed9a82c63739eeb134c5779d
game/assets/backgrounds/story_22.svg,611,0o644,f33738850fbbb675adb632a9a44ba77e423d5b63bc49f67951b715fd5ef56753
game/assets/backgrounds/story_23.svg,611,0o644,07392a6aa1028c538e3f59fb69ef83c2b741c0cbc4a64b5216601ee61beaf1f1
game/assets/backgrounds/story_24.svg,611,0o644,6e4287e9901e3e4ca375639b9e1df1bc15037747adae4b47c625c3cad28f75ba
game/assets/clothing/look_01.svg,209,0o644,3c6df48c50fcd2fd1f0ed40f036c3e5ac81bde7f8d2f9ff957617c38ade06030
game/assets/clothing/look_02.svg,209,0o644,3c6df48c50fcd2fd1f0ed40f036c3e5ac81bde7f8d2f9ff957617c38ade06030
game/assets/clothing/look_03.svg,209,0o644,28ce6bdcd2cd8545731aeeb5188878612c56553005ea2d2676cfe09da5dbda55
game/assets/clothing/look_04.svg,209,0o644,3c6df48c50fcd2fd1f0ed40f036c3e5ac81bde7f8d2f9ff957617c38ade06030
game/assets/clothing/look_05.svg,209,0o644,3c6df48c50fcd2fd1f0ed40f036c3e5ac81bde7f8d2f9ff957617c38ade06030
game/assets/clothing/look_06.svg,209,0o644,28ce6bdcd2cd8545731aeeb5188878612c56553005ea2d2676cfe09da5dbda55
game/assets/clothing/look_07.svg,209,0o644,3c6df48c50fcd2fd1f0ed40f036c3e5ac81bde7f8d2f9ff957617c38ade06030
game/assets/clothing/look_08.svg,209,0o644,3c6df48c50fcd2fd1f0ed40f036c3e5ac81bde7f8d2f9ff957617c38ade06030
game/assets/clothing/look_09.svg,209,0o644,28ce6bdcd2cd8545731aeeb5188878612c56553005ea2d2676cfe09da5dbda55
game/assets/clothing/look_10.svg,209,0o644,3c6df48c50fcd2fd1f0ed40f036c3e5ac81bde7f8d2f9ff957617c38ade06030
game/assets/clothing/look_11.svg,209,0o644,3c6df48c50fcd2fd1f0ed40f036c3e5ac81bde7f8d2f9ff957617c38ade06030
game/assets/clothing/look_12.svg,209,0o644,28ce6bdcd2cd8545731aeeb5188878612c56553005ea2d2676cfe09da5dbda55
game/assets/clothing/look_13.svg,209,0o644,3c6df48c50fcd2fd1f0ed40f036c3e5ac81bde7f8d2f9ff957617c38ade06030
game/assets/clothing/look_14.svg,209,0o644,3c6df48c50fcd2fd1f0ed40f036c3e5ac81bde7f8d2f9ff957617c38ade06030
game/assets/clothing/look_15.svg,209,0o644,28ce6bdcd2cd8545731aeeb5188878612c56553005ea2d2676cfe09da5dbda55
game/assets/clothing/look_16.svg,209,0o644,3c6df48c50fcd2fd1f0ed40f036c3e5ac81bde7f8d2f9ff957617c38ade06030
game/assets/clothing/look_17.svg,209,0o644,3c6df48c50fcd2fd1f0ed40f036c3e5ac81bde7f8d2f9ff957617c38ade06030
game/assets/clothing/look_18.svg,209,0o644,28ce6bdcd2cd8545731aeeb5188878612c56553005ea2d2676cfe09da5dbda55
game/assets/clothing/look_19.svg,209,0o644,3c6df48c50fcd2fd1f0ed40f036c3e5ac81bde7f8d2f9ff957617c38ade06030
game/assets/clothing/look_20.svg,209,0o644,3c6df48c50fcd2fd1f0ed40f036c3e5ac81bde7f8d2f9ff957617c38ade06030
game/assets/clothing/look_21.svg,209,0o644,28ce6bdcd2cd8545731aeeb5188878612c56553005ea2d2676cfe09da5dbda55
game/assets/clothing/look_22.svg,209,0o644,3c6df48c50fcd2fd1f0ed40f036c3e5ac81bde7f8d2f9ff957617c38ade06030
game/assets/clothing/look_23.svg,209,0o644,3c6df48c50fcd2fd1f0ed40f036c3e5ac81bde7f8d2f9ff957617c38ade06030
game/assets/clothing/look_24.svg,209,0o644,28ce6bdcd2cd8545731aeeb5188878612c56553005ea2d2676cfe09da5dbda55
game/assets/clothing/look_25.svg,209,0o644,3c6df48c50fcd2fd1f0ed40f036c3e5ac81bde7f8d2f9ff957617c38ade06030
game/assets/clothing/look_26.svg,209,0o644,3c6df48c50fcd2fd1f0ed40f036c3e5ac81bde7f8d2f9ff957617c38ade06030
game/assets/clothing/look_27.svg,209,0o644,28ce6bdcd2cd8545731aeeb5188878612c56553005ea2d2676cfe09da5dbda55
game/assets/clothing/look_28.svg,209,0o644,3c6df48c50fcd2fd1f0ed40f036c3e5ac81bde7f8d2f9ff957617c38ade06030
game/assets/clothing/look_29.svg,209,0o644,3c6df48c50fcd2fd1f0ed40f036c3e5ac81bde7f8d2f9ff957617c38ade06030
game/assets/clothing/look_30.svg,209,0o644,28ce6bdcd2cd8545731aeeb5188878612c56553005ea2d2676cfe09da5dbda55
game/assets/clothing/look_31.svg,209,0o644,3c6df48c50fcd2fd1f0ed40f036c3e5ac81bde7f8d2f9ff957617c38ade06030
game/assets/clothing/look_32.svg,209,0o644,3c6df48c50fcd2fd1f0ed40f036c3e5ac81bde7f8d2f9ff957617c38ade06030
game/assets/clothing/look_33.svg,209,0o644,28ce6bdcd2cd8545731aeeb5188878612c56553005ea2d2676cfe09da5dbda55
game/assets/clothing/look_34.svg,209,0o644,3c6df48c50fcd2fd1f0ed40f036c3e5ac81bde7f8d2f9ff957617c38ade06030
game/assets/clothing/look_35.svg,209,0o644,3c6df48c50fcd2fd1f0ed40f036c3e5ac81bde7f8d2f9ff957617c38ade06030
game/assets/clothing/look_36.svg,209,0o644,28ce6bdcd2cd8545731aeeb5188878612c56553005ea2d2676cfe09da5dbda55
game/assets/clothing/look_37.svg,209,0o644,3c6df48c50fcd2fd1f0ed40f036c3e5ac81bde7f8d2f9ff957617c38ade06030
game/assets/clothing/look_38.svg,209,0o644,3c6df48c50fcd2fd1f0ed40f036c3e5ac81bde7f8d2f9ff957617c38ade06030
game/assets/clothing/look_39.svg,209,0o644,28ce6bdcd2cd8545731aeeb5188878612c56553005ea2d2676cfe09da5dbda55
game/assets/clothing/look_40.svg,209,0o644,3c6df48c50fcd2fd1f0ed40f036c3e5ac81bde7f8d2f9ff957617c38ade06030
game/assets/icons/icon_001.svg,225,0o644,4d3dd4efe5c6db8e0558489cffae3c6666a903f852c3a2bf9d1a18798e754932
game/assets/icons/icon_002.svg,226,0o644,729e5c48b52d1ef25ea5f51d81e62ee8d8033e7f372c9f94195c5d562904862c
game/assets/icons/icon_003.svg,226,0o644,6e54fde85f6d0ea5b8f20ba81732c09349389733e029b615d81ae208e148e789
game/assets/icons/icon_004.svg,226,0o644,ed4611dea4de784276ac175223f929e36e5cdab1e6813bea4dddad487b79418c
game/assets/icons/icon_005.svg,226,0o644,98d2a7aa1b6d807c03e3346fe30d0ce30396dbd7b3f4ea0947775a21d593d060
game/assets/icons/icon_006.svg,226,0o644,08f17c1f399504378b4e4bdbed5fde762fafba6231894e19e31720e8469c7001
game/assets/icons/icon_007.svg,226,0o644,9046a3c1999a53b3a696fd05359c24838e6f604eeaacbf603b06d5720885cf80
game/assets/icons/icon_008.svg,226,0o644,e4e66b3cf586038f8f7c802c80269f3d83de44b19c6ef029f2e5a31f5fda333b
game/assets/icons/icon_009.svg,226,0o644,a429ea8a4eed4996d466143f8a00687ca9413cd4da0a3498be6981a3affae97c
game/assets/icons/icon_010.svg,226,0o644,861b9a474bf9d578ca9955f6f5f95187c63d94fb9c26b9689ec224d1caf557c0
game/assets/icons/icon_011.svg,226,0o644,9d4113041ea4a8039933133db8ecdf0ee5afcdf4f087ab22f23f2ec015c24108
game/assets/icons/icon_012.svg,225,0o644,5a4353930a55bf9681a15470f3b97cb6bf4f66a373c5e7898e5c619759387a3f
game/assets/icons/icon_013.svg,225,0o644,83f96ab47c667b87e17787dc90aa461f3953391689f08725d3a19ce78d1e3ce6
game/assets/icons/icon_014.svg,226,0o644,cfa1d4fedb96b24e04b7436c463c1da1509ec10ad91b6614a35f823c85b26851
game/assets/icons/icon_015.svg,226,0o644,dff938b3645dded623820fca2d240d699c6f28ae80cf290b2b30c29dc7c2f798
game/assets/icons/icon_016.svg,226,0o644,c312240c9883ee70c1a260ace266a0fff37a3307c88a74c85ff50722f8cc58f6
game/assets/icons/icon_017.svg,226,0o644,63e2641d96969c00ee0e22421d564d0246a0d7ce4a5fb399fa0112732a554a36
game/assets/icons/icon_018.svg,226,0o644,ef20ee3309f8983aa09a82f8d8b87f998af82ab424b3d521c0b097bafa6768f8
game/assets/icons/icon_019.svg,226,0o644,815340b9d82ca0ca019a93699bf5546497c359c5690685baefc2a5ebccbb4077
game/assets/icons/icon_020.svg,226,0o644,f4abee0beb3966e29c397280caa7df2c95b1668a776612e62ea092a3dda222f9
game/assets/icons/icon_021.svg,226,0o644,78fe0ce8986c8be16770c272be03fa12ceff36591492d0f0931e81ee287ef1ef
game/assets/icons/icon_022.svg,226,0o644,e898cd875d08012e52a9698aff0f785714d04fc6f4b1ffc9489dd1ef62d310c0
game/assets/icons/icon_023.svg,226,0o644,fff21a8e2f74f199e623b486e0a3907ec5b256b7bcb30ace72b4e98de201ac6a
game/assets/icons/icon_024.svg,225,0o644,fd9dfc97c4ac997dbf9015013c8114d26d5f913ef589c74c74c9f038a9d67b8c
game/assets/icons/icon_025.svg,225,0o644,5f1c2bafa70fc86756628d568f255c4eb945e8d38249cf8f4b43276f0c268639
game/assets/icons/icon_026.svg,226,0o644,f4fd614a50cb79bf2c9a705e7e8f8b0279851dbcdef509d4e23b131b877bcd5c
game/assets/icons/icon_027.svg,226,0o644,940f72408b8c84f5a9097c03e5d2b8d481507278edfaf73af7e22fd07c423f15
game/assets/icons/icon_028.svg,226,0o644,6a974304f3d0302db76b328ee2fb07a06b79c0ddb492d8ecaeb5482e1dc05ca7
game/assets/icons/icon_029.svg,226,0o644,ae876ee8034fc53aa36095f28252c0abe52e19a64e0a60ad711bf1256047a10b
game/assets/icons/icon_030.svg,226,0o644,76cf20ade2d3ddd6dcc51ff6c0858eca846364bfb66a133c9ecb7b646132982b
game/assets/icons/icon_031.svg,226,0o644,79324585437a48f60ff2a52e2393b903dcf768247865bdd592d4c151ec335a05
game/assets/icons/icon_032.svg,226,0o644,cb365bf74719c734913de5e91d88aa3846d8087c8fb59d75aef5586a6026ee68
game/assets/icons/icon_033.svg,226,0o644,df1880930ea06c1a0421e23e0c6bb5c73f60c0172bc69650c89ba9bc968ea172
game/assets/icons/icon_034.svg,226,0o644,1a75cd8ed6a5cb59d35a5b1e21411c7cc45bf71d6dad185e0184bc04caf8265a
game/assets/icons/icon_035.svg,226,0o644,ca5305f5c2d90825c53f56b873f2874485e2dab4d6b283df991a8f75eb31417b
game/assets/icons/icon_036.svg,225,0o644,50da71b12c9d78dd2cdaa6e99b90363cf4dae8ebf74a3db8ac09ca6c5de9fc83
game/assets/icons/icon_037.svg,225,0o644,d6e96acdf5ffece9f5df02292ef5aec1c251172efe5789d266647e2533ed5873
game/assets/icons/icon_038.svg,226,0o644,dabb36d86668f5819b4bdb83839bab1c6593c837e2a1a5d78877d59b310e74f8
game/assets/icons/icon_039.svg,226,0o644,9c81db5618b9836e87703bf2fd9f240f63c593346b2e66f7dfc6c41227556beb
game/assets/icons/icon_040.svg,226,0o644,7240134f3145ef176c14cf1f33ba6bcc8c891de6e7c9f12e6004697dff51c084
game/assets/icons/icon_041.svg,226,0o644,233048a6aa83abdf38d30d24bb2d20eac43eb0964249656ea196c92d83f32dd0
game/assets/icons/icon_042.svg,226,0o644,4001723d9095581afefc95ab244fa6802b10f3bc41a47ee85f842f9a52f5c0b6
game/assets/icons/icon_043.svg,226,0o644,1a1d0ada173340efe5227ce00cb71a10dddcdd765b973042ecf1568c1395d0a2
game/assets/icons/icon_044.svg,226,0o644,052a2f9edf442d76f92da89c7c946d528b6da69b11abdab5a42a1ee07588facf
game/assets/icons/icon_045.svg,226,0o644,cc6e9b531f3ade2e1b2586d965e8d73b30345db3d65268d4a1e0c21f041d5ad0
game/assets/icons/icon_046.svg,226,0o644,712b7047b65417bb5d4aed7d71fd8b4968bf0b8de063d641053a4a86685e73aa
game/assets/icons/icon_047.svg,226,0o644,e8b2ba7a86c7849a741581f2c9e90b5b3901dd15e214a367cc56172402288a4c
game/assets/icons/icon_048.svg,225,0o644,e42e52a39dfade1931dd9ae8bfa5dc24f16d966310f86ae0820dfea6188adc30
game/assets/icons/icon_049.svg,225,0o644,c198258686099d8b8f54d12d361040d8ff38bbee5555296e4051f469854e532c
game/assets/icons/icon_050.svg,226,0o644,992f125dc8c6ededba18d48262522ab35cb7ed53f0f0f817bbcab26fff0ccf5d
game/assets/icons/icon_051.svg,226,0o644,e6ac93453e08cb7bc9a07f5d901ecb8b3f3487ebb785354553f5c38d2669fa6a
game/assets/icons/icon_052.svg,226,0o644,1b78b80a02a3c56f10ebfda5f9daf410a4738fe74df23afb2d93c48518768910
game/assets/icons/icon_053.svg,226,0o644,8563bafedab77b724a0fb73f9d38a43f63d9343c4c3334acc726c5eab9402b06
game/assets/icons/icon_054.svg,226,0o644,f3bd04bf1684968d54df978234dbdb23290d5a53352142b165080cbcf714ff2b
game/assets/icons/icon_055.svg,226,0o644,b0476c571f10a1e2f9bfc8ebabdd256a475fb39b64cca1a9df63bdd3beb19a7e
game/assets/icons/icon_056.svg,226,0o644,9c87653bcc313cd0ec6642c4199cabb8e05e19da68387cc7ac6c17697ef45464
game/assets/icons/icon_057.svg,226,0o644,c95664e555528e6d0951f616edca0b5582f5772d8bc254cb60ebd4e17133fa97
game/assets/icons/icon_058.svg,226,0o644,556020bc1903c7904a2c36ee9b9ae24366252be26c86d2cb3459e172787e7ba0
game/assets/icons/icon_059.svg,226,0o644,0422ae274c8314dbd13d89355363ae40f9799506f829ba91f4662215b613228b
game/assets/icons/icon_060.svg,225,0o644,3a9ca1912458a60a8e7189502447acb667209bc6f4a90f5ce8943cedfa0e3a88
game/assets/icons/icon_061.svg,225,0o644,c07f08156a0e499cf924326cae3718363b724d5fc2946f38a237b35fd93a5331
game/assets/icons/icon_062.svg,226,0o644,9c3699b6791308305e1160cfee6b878dd468061d833ee96eee8470045677dad9
game/assets/icons/icon_063.svg,226,0o644,8349b0b3216ddf5602d8b237ec9602116adb7d22985b13ffbf85f56fc81245f4
game/assets/icons/icon_064.svg,226,0o644,542eea6338cb1fe4eaa4cf98dd6e427213d0aac22d415cc99e82a04e83507940
game/assets/icons/icon_065.svg,226,0o644,577c0322cb07f536d59394cbbbc8b3c341547ea177a5abe09769c38f7ee719c2
game/assets/icons/icon_066.svg,226,0o644,4506d7c1cd92e8b9cbe6a17e1e8453d28d9827cca21539dbefe742d6c037b89a
game/assets/icons/icon_067.svg,226,0o644,ecac1239e69c670552b73a834f5cd2231894443782abe0348cb8895c67748aa9
game/assets/icons/icon_068.svg,226,0o644,a6bee462c099731aa7f7877d907b273147fcb312fdff6d3cf61c24947d886bf9
game/assets/icons/icon_069.svg,226,0o644,d08883e129e88bd54d24eb804c9dc01191654612fbc8d66014d6259e5db30ebb
game/assets/icons/icon_070.svg,226,0o644,44b3b45bc838ac5e2eabf425904b32f4715300f7ca1ef76de344e8ea7732184e
game/assets/icons/icon_071.svg,226,0o644,fd891d43a85668a41c3ae5e44354c3d75da954731cfe1d7d873cf54abc7858bc
game/assets/icons/icon_072.svg,225,0o644,7c971217036b121754cac49d952954152031d1025556f543213c467647bfaee0
game/assets/icons/icon_073.svg,225,0o644,ad99beac64d950ad903aeb720b36f0cc4d4ed894d10132423e7b11ed489c9fbd
game/assets/icons/icon_074.svg,226,0o644,5b04302738463c970c9a6318b9c343b78d45a17815fe7ab04a51bdbdeb742b77
game/assets/icons/icon_075.svg,226,0o644,751e5dc4cd132e78ba44887bc61d1f87bcd0640360b23f4ddfe2f5c8ded8c2cb
game/assets/icons/icon_076.svg,226,0o644,b9bd476191842b9facab901f571a2af6d37ed2b8487eb3f8eed7a0eba9491f85
game/assets/icons/icon_077.svg,226,0o644,64bc83376e4835b8c77c81b7fbf160a7b03fe5408663312a82e45ddb9cf33fcb
game/assets/icons/icon_078.svg,226,0o644,f3041a3156d03bd4eb31315c87ade2d6cee46178af89dc67fe0b56f8617a7734
game/assets/icons/icon_079.svg,226,0o644,525107e2a2c24398804202aa640ae178df47b5729757021eac1b95672471e778
game/assets/icons/icon_080.svg,226,0o644,82a52f79a882a5d9cbddbdc79235a83d08f72bb28843a73d5875460ea926f8b3
game/assets/icons/icon_081.svg,226,0o644,b90848823f5d49ae69ed44c2b4e6c615d55f630eabee8bc2ac5bc1bcbb2ba38f
game/assets/icons/icon_082.svg,226,0o644,4270c10eab7a7250516c8baf5816f5839cdf344b1d0f96f3b7a8e1e67ac9af7d
game/assets/icons/icon_083.svg,226,0o644,155e4f85c4f95bdfa68d88c7027206970cb6bf4e2b249ce14e7231faebd7ffc6
game/assets/icons/icon_084.svg,225,0o644,4a7bbcb435e9cb083b7090d9ec6e347b5410b741cd8e779a69862bd0910e48cd
game/assets/icons/icon_085.svg,225,0o644,4def0c9d0eac9da4c3dbc64100156cc5fd3c3653e457b8a7566c696e5c4f70f7
game/assets/icons/icon_086.svg,226,0o644,89b3bb8954c92bcd9266ce54474dd79abcf67dd6073ed5cad29aab85e36959ba
game/assets/icons/icon_087.svg,226,0o644,9058cb416774d47db87c717d84a4ada351e35fcfd91c714558dd3e1535c5f093
game/assets/icons/icon_088.svg,226,0o644,0df3f312b9f23ceaf332e6f68933eb227d6fffb87a68ff24dbff04e29ae5e0ac
game/assets/icons/icon_089.svg,226,0o644,e19afa5efb98fa80da89d3ef98c142116c67c2149912156f7b9a1a8e9ca68aad
game/assets/icons/icon_090.svg,226,0o644,d307c2882325c665cdf30547d6be91136b3e290fc408bab81db2b9d6b580f435
game/assets/icons/icon_091.svg,226,0o644,06dac925fc57560c109c90a60b13eba5f06d9a3c2e3d0d252dec0ee559343e6f
game/assets/icons/icon_092.svg,226,0o644,cbb9150c5b1a70f4730ff4ed0af0a5770a6d9a08cdad49be409db876016024cf
game/assets/icons/icon_093.svg,226,0o644,1f772e3581fba0b228dbaef2d52a861b9a40e79f7d984c87c8afcc066246316f
game/assets/icons/icon_094.svg,226,0o644,710aeb2f51d1bef7ba84f995d377fdb67f4ad4c80df53396d4b11d3520b29a57
game/assets/icons/icon_095.svg,226,0o644,8f144ea4cf9b5274f6a3eafabe2d66e8ebbce9b0e3c41f3235b1395543a1b39f
game/assets/icons/icon_096.svg,225,0o644,3cd8fff3bcbe6f26f27916a36c732fd4e87d3649b0d92d5f98ec2c7bde6ccbdf
game/assets/icons/icon_097.svg,225,0o644,18788fb3f4f3bdceaf4e5ebe630b293780e64d98860c41588deab40a0f04fa92
game/assets/icons/icon_098.svg,226,0o644,a0fe18b62e2004f6e3ac4a7985f9388210b05ad778cf0da69e25a7a7f62c9ad4
game/assets/icons/icon_099.svg,226,0o644,8d8de698136548746ea7cc46af883ad120d2971d8f05cc46ada0bc2b03393650
game/assets/icons/icon_100.svg,226,0o644,14b9771ae5f2a855d2c4fa0406e249e6e973bc1e6384e5c4d8e7f7a6ff956005
game/assets/items/item_01.svg,270,0o644,a594b772f75675994f95df7a245676c4910a4c91c776fe17ec954344c538ad41
game/assets/items/item_02.svg,270,0o644,30e762887b65e06c0d309d2ee9f84ad8d473561ca1cb58ee8979bf6428ca5715
game/assets/items/item_03.svg,270,0o644,8a292123977c99cb86519005910ea94c096eb1080f96a93a448623a8a5d7bbd3
game/assets/items/item_04.svg,270,0o644,5d5878d4385cb0d02ccca5ba2d7de56c28351e80bf446b744e15e475566675b6
game/assets/items/item_05.svg,270,0o644,7994dd1ebf8b3be79cf56d214f1a56ee4a25848cf17f86d672cc91877ea04bd8
game/assets/items/item_06.svg,270,0o644,c575a66e57bf828f6ccd538f82003cec10e6b93a3030ca228bbfcbfaa12fa276
game/assets/items/item_07.svg,270,0o644,935be23392fe98eaf597f2c18499e29a14613156249facaf65f7f329fdf6c700
game/assets/items/item_08.svg,270,0o644,ac6eb7a8aef664decb2542edc78b3c26cf1e704fb3fb74bd8908e1f00bfca0fa
game/assets/items/item_09.svg,270,0o644,dcb3c16840711c43f94ff43e6eb2124a32a080eec268e05b1ba94709f404c5d4
game/assets/items/item_10.svg,271,0o644,0f37d39db0d29ef707f18abf939bf88cbe7d0eca4b156fa811338740139b2ce0
game/assets/items/item_11.svg,271,0o644,e5d370a43b7706d5e3ba8ec49d5ffb8e28a0cdc73f83b047f4b0f0e26590ca25
game/assets/items/item_12.svg,271,0o644,69740255269b2648586c3595038532b264a03c4602d90391c4ced4afa85fced7
game/assets/items/item_13.svg,271,0o644,4dc9c0e83fe0a1f1c3b73ec74cb491c3511808c3f70f946e26e0743be10bce5a
game/assets/items/item_14.svg,271,0o644,ab0be122abc887423e8217a84b94f2de58e1a0330693723d4353c6b1428c3cbe
game/assets/items/item_15.svg,271,0o644,61678132c97bd736b64e71b364200adaffa89a71e996e15422ba34f2e0412673
game/assets/items/item_16.svg,271,0o644,2cd77282b2e03f363232eb609effcd7c2d942b5fefc1f0e25a66aebf30789d00
game/assets/items/item_17.svg,271,0o644,06807b95c27e20628d26ce4e7cceeda1ed00b5ac1c75db8f6d949285d3293615
game/assets/items/item_18.svg,271,0o644,a755fc0b7d335bdd901c545d6c413742fd1ea2ec514eef2fa3078dc1aa0fb236
game/assets/items/item_19.svg,271,0o644,55e74951cf1fb8d793a23f6c764b4135b838861acb9b2dfa3bf8f89bcba165ea
game/assets/items/item_20.svg,271,0o644,82e86147e9c33914120e67be06f42f9407acb7cac8ec154d7c1dec7594feb0e3
game/assets/items/item_21.svg,271,0o644,0a20cd5be7cbf3ed08a190744d08ba10a0e5c2ce9a69537697640c2660ab18cf
game/assets/items/item_22.svg,271,0o644,9a4f092135ba363bc8daee5a0f34e0c01c27efbc236ee1c4c20b2479461e5a03
game/assets/items/item_23.svg,271,0o644,c44c43b5af98415bc6592448817c3a7bc496016b82e442fd6a7240ff3ed59879
game/assets/items/item_24.svg,271,0o644,02eab8c0f4ccf1a663591afd80a735438bc319d5e78ec2d1475052fb188f7f19
game/assets/items/item_25.svg,271,0o644,fa4e603ed518848cac2b89eab9628d1f4a14762ed428d535b620f99c9a4d5df6
game/assets/items/item_26.svg,271,0o644,c7bcb1c30cb6a4c8c0f35c8a02eca4be5981426eca40a5645cd42c7db7a97240
game/assets/items/item_27.svg,271,0o644,d12f1f73dfd7a7f4eff6aa4ffa629845dbb516be888ca10a1e91cc62236590fe
game/assets/items/item_28.svg,271,0o644,3bee785deb1fb650259f6fce02ebf95466388bbc660edc7107b6815f5a05a4a5
game/assets/items/item_29.svg,271,0o644,fc47f7aac6aa91fc1724fc6e8a11400fd06f5b52997c268c4535c94375bb0126
game/assets/items/item_30.svg,271,0o644,f7b3465cca24c81d1d01c08d13976ebd7f12c8d97235f79591033538feb8fd32
game/assets/items/item_31.svg,271,0o644,b91aff7ab3bc99ffef30f9dbbec120c75a99e279c6312fa7122d0f145b1c6e25
game/assets/items/item_32.svg,271,0o644,69102b736238a66fb3a6ddb2204752219505b1accbe2717d6c8abd3f8b3580f8
game/assets/items/item_33.svg,271,0o644,e64070a95db07f14bd4f0a2d0b7c014fc564061898e0e964e0ab0e62070a6f9f
game/assets/items/item_34.svg,271,0o644,ff5972b4d33dfc7861fc95b63d178c75b845e4941a19b29c7b163df86a233694
game/assets/items/item_35.svg,271,0o644,869168abb26aa45ff90484afe35e7b11fb019036cd83815a969d2db4f0592256
game/assets/items/item_36.svg,271,0o644,20e7ad793cb36536f2fd69ebc4debace48e05c4890848e0e17b00ad3ff8fbb4f
game/assets/items/item_37.svg,271,0o644,dd235e7b7a64917159ac96f6455cab311ca1710606cc077e71362a4835827b00
game/assets/items/item_38.svg,271,0o644,65625f4075095fbdaf59a20cbd670bd892ab45a0945e58da890c66b4a6d1834b
game/assets/items/item_39.svg,271,0o644,b3f0390d978bdc5265c0d7cf9f7c8268a57e4a86fe44a86d8ec6faa1cb8c7d21
game/assets/items/item_40.svg,271,0o644,7855f6f61c119343a9420412c2cd2f540479759f844c07242950acb6ce32734a
game/assets/items/item_41.svg,271,0o644,e84bb195a9ac120b00e49f9cc231914656241e619e3d978615912795c1a70d70
game/assets/items/item_42.svg,271,0o644,694f5b1b7f4d13d53d655cd9050820c32531c20790365b4413d72792c3df8099
game/assets/items/item_43.svg,271,0o644,8f0d4225cbcfe59209cf7c8b22a3f7d7922183d662619cb362097372e586f849
game/assets/items/item_44.svg,271,0o644,4c08328a821ff23f951c13c41fa5fe7df1e52249abd98b260881fa0a74f36dcf
game/assets/items/item_45.svg,271,0o644,f7b1775d78e98e128130796ba264bb2a29f38a6cdb720a07028963a3c2387d0a
game/assets/items/item_46.svg,271,0o644,e5a398f9340bdb28d5951217616dbf7f6a4fe73d10f632905cc03a3c7fa6ed77
game/assets/items/item_47.svg,271,0o644,3aa30472b3f18e297636f1c8ae4215991eb54a4ff59e8dcf9355bbcbfb4650d9
game/assets/items/item_48.svg,271,0o644,4af03a4dc0509ac98423aa046e937cdda852d204a16055405617e2fe9f6d96eb
game/assets/items/item_49.svg,271,0o644,c743d1c96d384a3b5f4f274bfb10085c758a53b0f4bac40f99fa5713a930eba3
game/assets/items/item_50.svg,271,0o644,b249815d8e90f2401eba3dc3ec111c0fd7e734fd78637aa4912db1d16f7500f2
game/assets/items/item_51.svg,271,0o644,b1696944b2b0659b641b8b31a1db061a46f8a243437d04848e87c9e4aa951439
game/assets/items/item_52.svg,271,0o644,09b7d2c6a57d97371c71e8f3294d9998e139cfeab305664f25f0616ff83c698c
game/assets/items/item_53.svg,271,0o644,3741eff92e48b85d110901a1bb3902e081b790dce8f830788e7998770a9ced29
game/assets/items/item_54.svg,271,0o644,71112457431c5d78b1c3f789b0e13ee2bd46365514b58b7ebf8493f0cbdbcf3c
game/assets/items/item_55.svg,271,0o644,489c13b669588e9eec37dbf9bf0b000a0435f197734c3f9585a8baa95d67111d
game/assets/items/item_56.svg,271,0o644,a0c8133eeaea95e2e95ee311c3a6783c8a62d51d55750d3f953fcfccb7449f1e
game/assets/items/item_57.svg,271,0o644,e0eea0744e768fc4a625955ce691bdd2c95a1e9c8929edcc48497834317f641b
game/assets/items/item_58.svg,271,0o644,5f7ba5a6ddfa394056f24e5a9b46c41d237cfbc9d2d4268638a35ace807b759a
game/assets/items/item_59.svg,271,0o644,cca3946a8085fd6604a89f30d784dd84518a91ba394a0c80730fde687641a8ba
game/assets/items/item_60.svg,271,0o644,12e0ac516262ca633a7357a4ec76398d688476e46b90cc856175b0397c9f7700
game/assets/key_art/recode-character-ensemble.png,1887084,0o644,912c5ddbf893661ec2e3cecda08dc49fc3569fdc61ecc3a3fba241bbc01812f2
game/assets/key_art/recode-meridian-hero.png,1682982,0o644,8064e3c180233a563b2733932a65a7c2783c7ad2a4239a9319260d70978212eb
game/assets/locations/meridian_01.svg,611,0o644,0d835ccc324682be52e695c1845c9b763d25bbe52bfa65aa2f77cb0dca0a4164
game/assets/locations/meridian_02.svg,611,0o644,1cc292dc17251215521b4fdcb32feb9b002c8efd77b979ddb24b3a86f18c80b3
game/assets/locations/meridian_03.svg,611,0o644,677b9431554ac01f4492609768e6e3f4b0b5c1aa9f208abedc9d43e59cef596c
game/assets/locations/meridian_04.svg,611,0o644,e90f29f7280fda9d1d138c6427ff9f1a4d5d2d0cf29983f8e774cbc54b6bd805
game/assets/locations/meridian_05.svg,610,0o644,ed3d1255a8693640637cbf02eb21446066b477de06f41e353c34105acc804d01
game/assets/locations/meridian_06.svg,611,0o644,9f851a483fe0ce8e02381aa58da32c234be19da2ed04e2e3f61b547cadff058a
game/assets/locations/meridian_07.svg,611,0o644,008f6e325b13d2a70ad29506a15fe0b08b04746789eccd508b9ffe6e3f82e70d
game/assets/locations/meridian_08.svg,611,0o644,e941e24c494b819634158bab81f0ebb92687ac9f0bb22d43dcc7ba89226691a8
game/assets/locations/meridian_09.svg,611,0o644,2060e666ee8fc5c6556b6a095527debc0b9c7b1c902429acc48e498fc0fa9a1f
game/assets/locations/meridian_10.svg,611,0o644,6393efa93e587857cc74ac38262cb9b98444b6fd977872f15f997c2a06e898d0
game/assets/locations/meridian_11.svg,612,0o644,e4d05c1e1060449226bfabaf50c3111ad27d0058333d54a4672dcf1579187232
game/assets/locations/meridian_12.svg,612,0o644,10141d6dbf93546eb747d232ca41e05432d34d861a5223a5999cddd2743d84d8
game/assets/portraits/alina_angry.svg,529,0o644,b3cbd17da7b704869985ba66dc6dfedd2365f03cab4ca35885631044c5460baa
game/assets/portraits/alina_concerned.svg,539,0o644,fe905b7cad55939e694f990e78acec727cc2d761b5ee08f8b75a4e7bb641cae2
game/assets/portraits/alina_focused.svg,531,0o644,e4a42f51c64a7dca8616d1aa5e591c3360612421665d100e5f5291c06a5732df
game/assets/portraits/alina_neutral.svg,537,0o644,b310ba7cbba4d281c8e7dbfe12bcbf60523ce9eb6b70dcae5baa93b9bfdda869
game/assets/portraits/alina_resolved.svg,532,0o644,2ce652caba8dbb59e731ee7687003ae349a772c09a6c4588e3a87788f6cbd691
game/assets/portraits/alina_surprised.svg,539,0o644,1cdf7b13a8c497f6906c54eaa75d7a6b7a1e6ad7642028878450fb965221940f
game/assets/portraits/alina_tired.svg,535,0o644,5cf5822313bdbd5cb2f68e19f213d81eefa6aae0839c6cfbd1a98fd2925bacb1
game/assets/portraits/alina_warm.svg,534,0o644,cb7c94538352abd600ed6b519ba9216625762968feeb25fd8d08414d0c8a4c7a
game/assets/portraits/eva_angry.svg,527,0o644,9c7df743278bcf1abbca692b9b423870bb97b943c593cbbe94a4a3355432ca56
game/assets/portraits/eva_concerned.svg,537,0o644,d48480a19a93acbf2d2d17d2546e62d72b2f20c2c72525425dd3e845a9458a80
game/assets/portraits/eva_focused.svg,529,0o644,12d3e5a60f9b4e49a96b26e4ac27549d313c7350cbbe5c3c5b9ca652c4b4d4e4
game/assets/portraits/eva_neutral.svg,535,0o644,d4fbf1aaeba14604ab16edc04849085e8a9f130698d17cc7540b3abc1b589fe9
game/assets/portraits/eva_resolved.svg,530,0o644,8b06cb33bc285d34bfdfbe3384259f4bb7d98f51a8dd9914aec86bc876811455
game/assets/portraits/eva_surprised.svg,537,0o644,7ffe31476df7714d2c8e80527e7d63e71c841f16dd96d2c7f1aca7fae81567e0
game/assets/portraits/eva_tired.svg,533,0o644,59a75c21cca66f67bb5377f016e7d3ccfe79902b2e5bd7fd9bde721a61a7f8a1
game/assets/portraits/eva_warm.svg,532,0o644,4287db4cd49aa12f9f169541e2e68232bee4d0147e3e6b73cffdd32483193118
game/assets/portraits/leon_angry.svg,528,0o644,7b51f76dee07b711c76a54b4dad70f387c892247cab4c1767a6c60d6fc8262f9
game/assets/portraits/leon_concerned.svg,538,0o644,d8f59809d02452d4d6371d26c5bf06589750e4eb809cf1a31a4f38c5e43d465a
game/assets/portraits/leon_focused.svg,530,0o644,9f792d2c7f38046ef1944ede37518af6d6b82801181403e5ec7389c98a23c123
game/assets/portraits/leon_neutral.svg,536,0o644,fd3ae0d6d5a3d457106e2c6a3d2f0661a5b69dc79029445b6b2463fac3be2a89
game/assets/portraits/leon_resolved.svg,531,0o644,22a71dbbe3ca81b94f9bb37a2451bdc52b74a3654e3332fccfa68d7383ee6bea
game/assets/portraits/leon_surprised.svg,538,0o644,bce29e0a5595bb9a925ce8b150d881f65cfd5e3d22b6888c3fb1f2bf0539d8e9
game/assets/portraits/leon_tired.svg,534,0o644,d299b4c11bbd55c74c68d71b03b4dd2ceefc532b984f70588841df248a2ac59f
game/assets/portraits/leon_warm.svg,533,0o644,ef1ff13ad356ee510bfcc2f719637d48b6caecf03c2198e55c6d5fa7199471b1
game/assets/portraits/max_angry.svg,527,0o644,bb0761a142c370c1f7a7c1edaca36d993056c0b43d7d10595cc4361b47fbbc4d
game/assets/portraits/max_concerned.svg,537,0o644,31d34f7fe57e2409710d6747b6be2b011d822293ac33ed82df661b4a3b08142f
game/assets/portraits/max_focused.svg,529,0o644,dc2d33090d3c5aa781f28dff1d1a1576795b2ee1d43dce30a8b385c95684693d
game/assets/portraits/max_neutral.svg,535,0o644,395f390497c7451c6b9895be08ca47fa729ba3ffafb9fc5404b32936c5c9f2e6
game/assets/portraits/max_resolved.svg,530,0o644,1ce1d3d8e21734def6924a05eb852db21f09915df80fd79d686d73a44e9ab46a
game/assets/portraits/max_surprised.svg,537,0o644,ff4c9db4eceb952fd5cd50974903135d9c34b98ac1fecd08076b859f34130bf3
game/assets/portraits/max_tired.svg,533,0o644,daec86e9f5e82beb7382b25fe54bd4876519ef6de5f267f4a440c4b445889f5c
game/assets/portraits/max_warm.svg,532,0o644,3b9e075dcc2a054921c5fca038ae9321bffb6f8cb211c96bdf775959b577d2af
game/assets/portraits/mira_angry.svg,528,0o644,f0473b3f4864a2b3d2c442c4c552ca6687dad503b17fd777f980fb88095434ee
game/assets/portraits/mira_concerned.svg,538,0o644,557ed753ebc205d6b848ea222ebc7cb59860285a6144507cf5abc0f19669c55e
game/assets/portraits/mira_focused.svg,530,0o644,8c9a8a8cb4c2aaa77ad45aa15b579d583af4013075fd52b92b1d3e35f98de1da
game/assets/portraits/mira_neutral.svg,536,0o644,ea794ae8b96deb55b73f8a44ad4899295c792a5a35b21185d13308f53564ab39
game/assets/portraits/mira_resolved.svg,531,0o644,45810655b3f181c922ee8bc4c698bb16bc50dfd6422432572c2e03b54f89be3f
game/assets/portraits/mira_surprised.svg,538,0o644,4f79132438fde7d5e6af86edce4bac3292759dec18f1fe41f2e7dd07358878b8
game/assets/portraits/mira_tired.svg,534,0o644,59241867c4098a0d2a9cf7e0982cf84b7460fbd4dec2d560a61219246bac433a
game/assets/portraits/mira_warm.svg,533,0o644,f30841207e3dfb0d9c8473d570c98c5189c78323a26b69bb085e436f9df2d2dc
game/assets/portraits/nikita_angry.svg,530,0o644,c91254c5cf0a0d4a990d9a8534a757bb8c64bedb85645adc6d2b47147072b44c
game/assets/portraits/nikita_concerned.svg,540,0o644,61d74534ea26550d3c3a6efb9f51e910369d268182c47daa677fc0107503182f
game/assets/portraits/nikita_focused.svg,532,0o644,0e27825bf3f2563f1daf5e3378ba0a644c6fac669dcfd71e12b4f264c9766102
game/assets/portraits/nikita_neutral.svg,538,0o644,6fbc0295ea893d4682f71c84cdf18bac707235396593b4e8fc28e5859e8615be
game/assets/portraits/nikita_resolved.svg,533,0o644,600eb5033ef22707d182f2064649a515ade669e5310b63a107b4239dd20dc916
game/assets/portraits/nikita_surprised.svg,540,0o644,b44786bb816715282f660fbc3647e7056e6d38972cdab3111b2419be3708f490
game/assets/portraits/nikita_tired.svg,536,0o644,83c339c0a098bab61f3b1a43a0c28b6111b60b80328549e81e9994a257fe8172
game/assets/portraits/nikita_warm.svg,535,0o644,9957dd9a5928860b652d1c6d9ba7f9b6f6187f93b146a37afdfdfbd47de73a73
game/assets/portraits/pavel_angry.svg,529,0o644,8e04bf30f58bf13575bcb56805dbae03e25fda08c93fc38ce14dc93e8159c5f1
game/assets/portraits/pavel_concerned.svg,539,0o644,afefd89418c4033d704d177dbee005caad110cdca21a46926984a3ba95c82af5
game/assets/portraits/pavel_focused.svg,531,0o644,52799355131a81c02df929f41adf69d127d705750deded22a38f9e1a8072b2f2
game/assets/portraits/pavel_neutral.svg,537,0o644,d58342bef17701d6cca071da8400d56867e36b35ee0ce649eed6c977ad6bd53f
game/assets/portraits/pavel_resolved.svg,532,0o644,bcc0989c3b5ffa99a6f5686376aef25655751167464c3c9f3353cc3efa6d0620
game/assets/portraits/pavel_surprised.svg,539,0o644,e99d16391c2797b2941f10e1b9f36624b0ca8217144573857be23f0b439103ef
game/assets/portraits/pavel_tired.svg,535,0o644,e330ce84a314293af5df69e026c34179ae405302666da1b764c29d6051855281
game/assets/portraits/pavel_warm.svg,534,0o644,6d6d143c047922b43ffe9295384a68582d7f53150cfb3b13d599ff39f4e62d6a
game/assets/portraits/production/alina.webp,12238,0o644,5c80ffd6398e68011d409cf9401ab938d8f0fc647b4dc724b1d20f6b712b2e7f
game/assets/portraits/production/eva.webp,10982,0o644,d90cb7d0ff1649146dcd94dcb87dfe7041a60462dce9d3d54d7d2854c31a72e4
game/assets/portraits/production/leon.webp,8736,0o644,63fc1a34f37f8d6a6e0158781b95b3d2bd94605c15c23959b7b32292b3b5dddf
game/assets/portraits/production/max.webp,8084,0o644,e2e5bf4e6b4df26f076895db4ffa1ff8d6c329954ac1836570738bf71c6d7191
game/assets/portraits/production/mira.webp,10296,0o644,5e39a99e70214ba016b46d4b9b5933e8e3c019f1c81988b57f790dd5c2072862
game/assets/portraits/production/nikita.webp,11084,0o644,282fa806f7186b90485e2759100b6aee53a051130091de634cab8498250dcfbf
game/assets/portraits/production/pavel.webp,10454,0o644,4bc05cc7a2c979b8b652ad62b6ee54c6434675d5e60746da395750a882c8f329
game/assets/portraits/production/vera.webp,9390,0o644,eb42016696b75e434424513b7a2070ada5ef67f36eaa5a5a5b2f59ebb8b4e228
game/assets/portraits/support_01.svg,528,0o644,151266b0eafbe3a698f211849485fd1722c54eed391b6ee83ea6b2382ee46964
game/assets/portraits/support_02.svg,534,0o644,df0c09c1dc2038763a1f503e6c4b949c85f6e1bfe9ff321c6c5a489d283fefb3
game/assets/portraits/support_03.svg,534,0o644,52a9fc27d9ae2c3a3f17d02a9159876326d2babe612156f07f4d05ccbb159985
game/assets/portraits/support_04.svg,528,0o644,4051984dc019e896428121d6ea540bb4c80b578347d3d7c859ef755340deedf0
game/assets/portraits/support_05.svg,534,0o644,eb5cd2842fcce2371de3f2474d7a07bf55a3d60966aa257b114f1c47c72ef23f
game/assets/portraits/support_06.svg,534,0o644,6db1872d6e8ebb681ed1796e47fa9651efb653007f99f29c627c9ee0b71d3532
game/assets/portraits/support_07.svg,528,0o644,d25ad9103337a5f9b4bb9f86a360e5b70aafeb215703f61609db271aff737bac
game/assets/portraits/support_08.svg,534,0o644,1e31a7470ffa23b1d75c1b074404898d946688a9ce3e432b81b75c3ab10a0eae
game/assets/portraits/support_09.svg,534,0o644,1644ebb6dd6aeb8f969ef57176013f5adcb1f5b1c096f933f649dd1aa2d13aff
game/assets/portraits/support_10.svg,529,0o644,f056e4bd8c13d46037c5dab5aeb173ec05af41d5502f3614f84ad7a8969ee548
game/assets/portraits/support_11.svg,535,0o644,ddba09ab46b323cd670691f218520f90c3d6c994fbee81411b2396159b5c4894
game/assets/portraits/support_12.svg,535,0o644,b5c5b59bf92f793143dfd17b6c68f1d035e3cd3853a95d93a3aed20d616d7093
game/assets/portraits/support_13.svg,529,0o644,322e2371a4986483dcd48bbcb80586d8addbafb51890c296cd3f7dcdcc78c058
game/assets/portraits/support_14.svg,535,0o644,fc574060c7d243802b338d5f5179683b90fb21eb5b7244f1ffa15a1c5267ffe8
game/assets/portraits/support_15.svg,535,0o644,f7331664adcbc33c6bc17691f59c9175a713d35526a8e9e385250223328f55c9
game/assets/portraits/support_16.svg,529,0o644,af40d37c285445ca2b6b5026c17930c0401889f4f2fdb393ce060628b3c93de8
game/assets/portraits/support_17.svg,535,0o644,d1ee9665413db805dfb827ac41d7d0913a6ccf608e9edda4fd59f24afcbfc6b3
game/assets/portraits/support_18.svg,535,0o644,6de055080d19b9f06b57fa286529e4ff762a7c0aae7adc147d99dbd9d8b01285
game/assets/portraits/support_19.svg,529,0o644,9cb3f064bcc3c32f9dbb446320ebfc1379593abeba6ae66fb16625fb93d407fb
game/assets/portraits/support_20.svg,535,0o644,5d3af49e26c88933f3c20ffa595d9b414a4b8a7909b3904b0bba291113e32823
game/assets/portraits/vera_angry.svg,528,0o644,181c43aae34bfdf01db372bfa66e147ff94512e93b33862650f56df7be9afe44
game/assets/portraits/vera_concerned.svg,538,0o644,93a363f8e504365bf6b882bdc831484dc23a438d04c3229d49a2faed5f4126e8
game/assets/portraits/vera_focused.svg,530,0o644,8253cd34d6c0d5c86293f10771b6b56d12ee4837c2fb5297585e25af4d693070
game/assets/portraits/vera_neutral.svg,536,0o644,1d98308385decb814ff807177ecc8d9a17b2c9304db381d4020a36918565276b
game/assets/portraits/vera_resolved.svg,531,0o644,914a7565ac570e7779c22ae074718df884d29b7a2e64772e6fe3d2d65fbf52a7
game/assets/portraits/vera_surprised.svg,538,0o644,84ca104622a65bf5192e2bd6e1fd78ac23d17224a3f3de50dbf703814d8f1e72
game/assets/portraits/vera_tired.svg,534,0o644,c1aa369200a54c6cf75f3a9348625970bbe98d87d22fc88bc28f664eeca6645b
game/assets/portraits/vera_warm.svg,533,0o644,dbe5852a0cbed21120a578813bdc144bdac69936f1b4d0748d7394647eea1fc1
game/assets/spaces/apartment_01.svg,387,0o644,d62df1682592b02fad569969608f0f477509f4f7502454b70fedcd00b393e526
game/assets/spaces/apartment_02.svg,385,0o644,8973dc5143cda311ae505c3fcd9e15958dedb1a0c64c004faa3b22693085754d
game/assets/spaces/apartment_03.svg,402,0o644,520944dae83ce53c551fd01beb1b07e865650a6e14b1162f2a28fc41b1bf1aff
game/assets/spaces/apartment_04.svg,385,0o644,b9db762530243552e32c9be06f8ea026d30fa4ae52ded6ec6fa61ff669ca01f7
game/assets/spaces/apartment_05.svg,402,0o644,57b68ce1ffb99446f2486084f40f827591626ef92439400e105df2092e5636a1
game/assets/spaces/apartment_06.svg,385,0o644,6445a9152b31c012ffcc3b786b89a1a79b75b67e5439b9b0f3a75fe4b3e21618
game/assets/spaces/apartment_07.svg,387,0o644,953a19b760bf02eccee7716b78881dd938b895b027a16d728c34ae67b39ccf90
game/assets/spaces/apartment_08.svg,385,0o644,bc39e5e5470a482ff581ec135ddc4a03178d23c810c0c6a35f628d8a2b3058a3
game/assets/spaces/apartment_09.svg,401,0o644,a6cafec6883c706b2b3036f75d1692a68631bfff14b8586d8ea4944534ef22f8
game/assets/spaces/apartment_10.svg,386,0o644,648686f9d420cc50542d5c2ba0b7c5dec364bc4be6f114cdc326f77e1b552794
game/assets/spaces/lab_01.svg,328,0o644,08d695f100c7233cbb958a8c98d2b70164f1cc2775a6fdd32f6f217977c73e31
game/assets/spaces/lab_02.svg,328,0o644,b8879339242c81695f20ff61a1367dc74c4b78207281819fc7ddb33eb70d1609
game/assets/spaces/lab_03.svg,328,0o644,d360258b90a191a8c51403431e956e8696ce1ac40722cb15456bcba5d6879cf3
game/assets/spaces/lab_04.svg,328,0o644,930d6e488842188b45302dbcc6906a8b28d469a90cd2b283ca6d99aa008a1b01
game/assets/spaces/lab_05.svg,328,0o644,28266b0408536e7625bd4f1c37c5b531b0b61ef19acdbd66cd86d90cb52c4e04
game/assets/spaces/lab_06.svg,329,0o644,3e9ccdf7401e7334d2d0b8b776d9573882e2a6cda4b09dbdf09baf3f3ad82b11
game/assets/spaces/lab_07.svg,329,0o644,8312f255a1cce7dab2b7c11cec9bccb4d75654d1dd68a4a78f580fb76a651296
game/assets/spaces/lab_08.svg,329,0o644,021537703a9e0affee6fac77975e5e8aa153c14d9bf6838db7240b35a9b26377
game/assets/store/app_icon.svg,530,0o644,52af9229ff632b02051507ac0ed1d0a4344f5647165a7f05deef627e59a911e2
game/assets/store/google_play_icon.svg,524,0o644,143192ac1c99af2fc6db5eed88e4d6e3d039d94370056427f15905b4cbe1f936
game/assets/store/splash.svg,428,0o644,c4c5361ceb773f0f53fce354523c8ef5c32bc066c1332dc9dedcc8c08dd3a7e6
game/assets/store/steam_capsule.svg,477,0o644,27e78b7da261369e8bf50ce6dce28c70fa0a141cc928d1a7ddc93000cf4ced56
game/audio/music/city.wav,176444,0o644,1eb7b8f5c22abc52b7c469a09bd89c9abff09f3fd539f589e2dd1c211594b969
game/audio/music/decision.wav,176444,0o644,0f34cc82fa8ab14e145e1c22a261ba57ed3964bfd18f69e35e978cbe274598e9
game/audio/music/lab.wav,176444,0o644,817528beae3e7010537315e054243ce8313317212c785be068991e252af40086
game/audio/music/menu.wav,176444,0o644,9772ff4c97d082f853c7c309502bfd557b349efea3ff5c7e9cf9b057dd0f9e27
game/audio/music/progress.wav,176444,0o644,1c1617b126ee3eb8032413f9efc00e1c08d30010f33ead669f58555382c27038
game/audio/music/recovery.wav,176444,0o644,3b6df8fc8b73293a8a5ef07e4159945c28e234998852b29290504a8b8f8b9b23
game/audio/sfx/ui_01.wav,9746,0o644,fc609be9461b678f50e54eb32e94b58599a0f9e4dae3e68d7b0329858a713cf6
game/audio/sfx/ui_02.wav,11510,0o644,edc6105ab0fa1d1f892c24b839c41daf8e15049d1bc851f1e403eda8aac612d5
game/audio/sfx/ui_03.wav,13274,0o644,19de20b14a305c69214e303e695fea8d10becae81ebace6233165d53f76031d1
game/audio/sfx/ui_04.wav,7982,0o644,6e0d9d9d82cbc1272e7ff0bbff7dc01bf642bfc0dceb12b856107eeab11fd8e1
game/audio/sfx/ui_05.wav,9746,0o644,a40bc24ae5b25c122f472ba52d35a1b4f549b6bec36e0303662068037290d167
game/audio/sfx/ui_06.wav,11510,0o644,8d722f487360a8128e859a6a5efbb8142351f00466f0af806bd6914c71fc675d
game/audio/sfx/ui_07.wav,13274,0o644,d56fc5d32dacac477a3f04c49fdd98c3af3db4f98d724a3d86d284f468a17db7
game/audio/sfx/ui_08.wav,7982,0o644,c73e27ce97a243b4d31a049ad48dea4a0a587f96b1e46b560a2e5eb8be0278ea
game/audio/sfx/ui_09.wav,9746,0o644,3c868dcbfc6726f9fd3bb99d71eaff6d9fcde99f19fa3975ab166c43e9ecf35f
game/audio/sfx/ui_10.wav,11510,0o644,959e20f4c5b06ad8e997d7269b8a8c46ddab590b0d00324c5e9c148c5845f26c
game/audio/sfx/ui_11.wav,13274,0o644,478f78ed970e53a53aeda812f1172483ef607a49c3f71ec47fa9d0e5d6240166
game/audio/sfx/ui_12.wav,7982,0o644,807f0c4064277ad3318050dc3e5269c2eeb73cd78427ed3cfad22131aa890d27
game/audio/sfx/ui_13.wav,9746,0o644,5d1849029238847a018b697ef5583fe75a0a0d40536bee36df874b47d5ca5743
game/audio/sfx/ui_14.wav,11510,0o644,0ca0ba208e35e3308eb6f03ac0babb8245722c6a35bc4465cd731cb30959230e
game/audio/sfx/ui_15.wav,13274,0o644,eac7fa67efea10a94e3045fb2e190ba54192edaaf9c4b46c43cd6f050bec7803
game/audio/sfx/ui_16.wav,7982,0o644,dd8efb1b28b39cbaba9d04bb9c8e7e7bf6f75160f31e008507ec4e7b05e46eda
game/audio/sfx/ui_17.wav,9746,0o644,0b0f09b7dd9c0f770c023374f8874e0566604cc397de815b016138c3def321f4
game/audio/sfx/ui_18.wav,11510,0o644,c682faf35a6caf593b50b56455a4cb72922372a18fba85d9d0af726e8721ba2d
game/audio/sfx/ui_19.wav,13274,0o644,4d6f9defc82de34495c8982dbd994ca0df632044272b996e1bb8b9a226d925a0
game/audio/sfx/ui_20.wav,7982,0o644,f4ba6bb5ef83ffb3ca95776f3ed50253fc96bfcf8d1d6760e6546a6c48ebfe13
game/audio/sfx/ui_21.wav,9746,0o644,3e037141c555652a4ff3618d9ce8e3f0161043b5378bb6635e39a7a6b2664851
game/audio/sfx/ui_22.wav,11510,0o644,bcfcb46d9ac1fcaafc83f2da7a93736f22567966ad92cf634f874ce002d2484b
game/audio/sfx/ui_23.wav,13274,0o644,e4c4ac782e9267a7ade2122069099948378f7bcf95353c463404383624597284
game/audio/sfx/ui_24.wav,7982,0o644,dca1fd893a8540d885404affa311c430c8f39fb34cfa8714d17f6daa569acc25
game/audio/sfx/ui_25.wav,9746,0o644,42ae54e59c7b040fc2b0fdbcc5142cfb9331b7ce6f8db01db5762de6d05278a4
game/audio/sfx/ui_26.wav,11510,0o644,b41bca89d6de471ee2a7b7b36c7f091ad717703e2564398ece401d97a73b87fd
game/audio/sfx/ui_27.wav,13274,0o644,a6817c84bd09494902638dc278c7a96955fbb7c01ebd09c94f255a1b8bace8b9
game/audio/sfx/ui_28.wav,7982,0o644,cfc620e155b39d92830e936377833945574f64987d2055969d436aa60d348e3d
game/audio/sfx/ui_29.wav,9746,0o644,1b4d497790b9b9940ea6e23c8f856ba26d37dc24665a61b7bbd6598ff6570d7a
game/audio/sfx/ui_30.wav,11510,0o644,45f36cf98a71cc99bf2c2bd1d9ee21c7f2a0da278a83eb2c3afd54f29c4951cb
game/autoload/AppState.gd,4079,0o644,53c34122da0c713febadd0c85aa7b0b9a46bdfb434655be4186d61fd1ae6f2a0
game/data/achievements.json,3433,0o644,64d0c1e0bc81109bcd0da867e32956482d0dd85d6764685ae7df7c211e02591d
game/data/analytics_events.json,2389,0o644,ebe6889767d55588c31a0e1a2536866a6c9f069d10875773edbcc642ee3d72e5
game/data/balance.json,578,0o644,a3bd3df0815102cf0674c4377c30e6f01b17b5fc19071e0a71d29ec96668a3ee
game/data/characters.json,51125,0o644,26a22f283ccedfae21a5275a658dd29a64d9ca8d1c2df3b2e7d3b1fd6a2d3efe
game/data/classes.json,967,0o644,f36167e5cd5d616a17360af71c4836091f8c4ae875599829c0cbc01221e29954
game/data/design_tokens.json,499,0o644,25abf025b19867f1f035ae3712d9cb3a39e35c7ca2fe01ca51da8fc57496b311
game/data/events.json,254176,0o644,f017ee65e8e3f9968369b84906dbeddc72671a3feb5d77e07c2fdfd583620a0d
game/data/exercises.json,3232253,0o644,26922cc0e6d8a8a584d40fe2d21dbd669bc65b5e93c1978a97b4f81fdf3702d0
game/data/origins.json,1577,0o644,46ce02995d1f6f124688bc73c3af7c042f5fd5e3edcb1e2d6b0c1b72fd0c7a34
game/data/quests.json,383146,0o644,7bc4f373d92b086da422fefb1b041ac42dd2a7a3f37d132b1652ab8e33615eee
game/data/rooms.json,2158,0o644,04100d40f11995ab51237958e9184f227e0ae78d6166f1fc3fbdda83dc7f20a6
game/export_presets.cfg,502,0o644,2abb06f4fbd992bfef2e9b2c7db86ed2778dd1570669af9e6e335c48609e30a3
game/localization/en.json,870,0o644,2e35266b70506cc091c3aec2e62e2e9ad97c84b0d42ac186bf84f191b329439f
game/localization/ru.json,1231,0o644,64d2097eece5838a8f765b85872076ec62acf8e1d38ec44bcb7ff7a2c2f55e4b
game/narrative/season_01.json,1191088,0o644,6f06ce25012942effbe4d85d65677631c10406b1bb4079d9d09b28d24817696f
game/project.godot,1114,0o644,3860a3f19b5feaa0c01e076cfba8b709d822e50dc0e311bf91cca3772585b477
game/providers/AndroidHealthConnectProvider.gd,455,0o644,7250c3b3d9b53271b1e8aca69a39db8b292b4d8b23068d8a10cf133a52c554f4
game/providers/DesktopCloudSyncProvider.gd,451,0o644,d6961537cbcd8c4aa2130790de2f8202c98339aac97f667540883d5112c8dc49
game/providers/HealthDataProvider.gd,297,0o644,73a7646886fab62f7ef20ac05a7488178f3a9a368eeb4e837ad7cc287fc1ae76
game/providers/IOSHealthKitProvider.gd,447,0o644,81d6322319be426a6e978fd36573fe534db24aa75591254a48b654bf3f51eda6
game/providers/ManualHealthProvider.gd,447,0o644,e770d44138b09b734ff27308fad25df92348fefb9c764ed4540d8d38526b7cc1
game/providers/MockHealthProvider.gd,445,0o644,59dc75d39bd4178209595f3d950747a43f187e9e90ed363a37cd5e5ea5a19585
game/scenes/Main.tscn,273,0o644,5eedbec45fecb3718793355621bf72973bd69276224f777197a57440ab926633
game/scripts/Main.gd,13039,0o644,47e81014d10ce3d7abda0a6e107e064fdd515bfd3e27ce49e43c01f64fbe89a9
game/services/AccessibilityService.gd,484,0o644,9270bb2df4795c0b7f1c0d4d634f1247c582d5578d458777413163dd08ec3f95
game/services/AnalyticsService.gd,291,0o644,f9f759697044ba0ab5556a4a783b5a337b6ee235d8c7f05aab3263059819f7e5
game/services/AudioService.gd,283,0o644,337247753fade475c5cd3cb24b87d0e53f81e5441f9a9c8a4cea68d0748680c6
game/services/BackendService.gd,287,0o644,eb48c15264fe701a624cffdefeb9dc2f0ef0f22d6e8065be481e458cd44c69de
game/services/ContentPackService.gd,295,0o644,095c8f16054919d9142666638eabf5d6df4aebef6021cca2b123bcf052ff5717
game/services/EconomyService.gd,287,0o644,1feda574d659b8f9c6ac360303e3336bcd7b6207f01352a18efaa204f7dcd5ad
game/services/EventService.gd,1362,0o644,605f42bcd80ba9c9c579aab11f1501136f213307dd4d2b34f4d3c98e6465d489
game/services/HabitService.gd,283,0o644,ef93a60a38f3400a9ace9187dd61b58c5e329527031787c28d4c65ed827e38d2
game/services/HealthService.gd,285,0o644,27e55db846ca733ee59ec45a705fd7a675768532dff706f35d2a0e8e99c861cf
game/services/LocalizationService.gd,297,0o644,b95ab63ca31b005b7ad61838974ade9ded69f4044fbf6ac491ccc91f8ec0cc83
game/services/NarrativeService.gd,5007,0o644,a6e28f4b75c5daf5b90f0534cac9c2a9e3c4ef2c4b42923ced81b53f419ea4e0
game/services/NotificationService.gd,297,0o644,7cc3183e9bde47e85562816a0de3b856607595b9ff0fd1dc7481bceed4dbac78
game/services/NutritionService.gd,291,0o644,6734dfa12a485d9fe179474578b6365ce690239a50a7946d019c9eab174497c5
game/services/ProfileService.gd,287,0o644,c640de095afd8bdc90de87dda632006b588c255d7b12cf53e405ba504d0407e4
game/services/ProgressionService.gd,295,0o644,26606cf99a8baa0888bc64a5ef9dde06deffaa58265e0cb4d034b6e1ed31d15c
game/services/PurchaseService.gd,289,0o644,be8ec83c97d7878b8cb2821a9f3d1ebbaed8fc56b90e21c54276f084f99dea4e
game/services/QuestService.gd,2416,0o644,a552282f8d74412a4ecac84a7bd7d6fdd5a64c69e6da2fcf8f57333aac6d5d77
game/services/RelationshipService.gd,297,0o644,c701e7e9f0bdce5a2c52023153088d2c65f40ba104cf812209751fa50d9ece27
game/services/SaveService.gd,4247,0o644,030fe332c69936f0d67ca9ccb612736afc579c112282b18ce80783aa77790dd8
game/services/SteamService.gd,283,0o644,59e9975a35065f15b7c3476da44584839395fb3617a72ab39dd0eca9f3e4fe45
game/services/WorkoutService.gd,2528,0o644,bbb618b5405f50b1ccdeeb72e44365557b3a485752ac85609b7332789c2e9199
landing/index.html,4828,0o644,970bd2cf7fd7d1ec02a216cc5b6bdd48d54c704925a350d19335be7df91772e4
legal/COMMUNITY_GUIDELINES.md,231,0o644,768a26e58aff7a089ac23db818683f1fa82fd39762a9cd2a2621fa993b6c3bbe
legal/COOKIE_POLICY.md,212,0o644,d812b8dfb32417aa3f97f1570d44be317aff66d4129255309c6fd32acd9567b1
legal/DATA_PROCESSING_OVERVIEW.md,269,0o644,2afc8401f9cb3ba1e8dda4d1295d854571e3b1b4cffca929dd9aec97d8e04e55
legal/DATA_RETENTION_POLICY.md,258,0o644,97bf3049e4db71e37348c3d7b489eb1b8e9ef9d03f9839604f4b39c8e70de7fd
legal/DELETION_REQUEST_TEMPLATE.md,312,0o644,d6974d840cf97558bf480c2dd08c49cac73bc0fa960854e798175a18a70a5c92
legal/HEALTH_DATA_POLICY.md,234,0o644,c9b296feb33a9b381dda260960a97a9b4a9e1fd316345fd3ba8916ae97eebb2a
legal/PRIVACY_POLICY.md,358,0o644,62dfb927dbca9b5eefdbb23de2d494bdbfec39cba8d545cecf9b3fcbea8af1c2
legal/TERMS_OF_USE.md,291,0o644,158ac65e0567aba4c1bf03c06298cc1209f59fbba33a43edee657de448e66ec6
native_plugins/android_health_connect/README.md,280,0o644,9e9af2a1e149575c535a6e9198687b61977abc8ef0361e1e43e93aa21335887f
native_plugins/android_health_connect/src/main/kotlin/com/markovmade/recode/HealthConnectBridge.kt,780,0o644,8f01acb546e030032db24c6680f20b99fdac14f73bb3ed1b77b4f7b99b0934da
native_plugins/ios_healthkit/HealthKitBridge.swift,351,0o644,914ce85256fd11aaa57ff3d8f1df73441a829329b39c4fda75659f5e151646d6
native_plugins/ios_healthkit/Recode.entitlements,229,0o644,f4fdee9a26f3102427d21f6eaa7110e45d8dc6ea91aa19269010becb3fa5d3ec
native_plugins/notifications/README.md,216,0o644,e137a218b54c1aab59794b35a907ede910d406b8f56cc76b398a63cc9db892c9
native_plugins/purchases/README.md,195,0o644,392316525cfd1de379df84415b89cc25f49da5f4bb9a073b68053b350db93c34
scripts/bootstrap.ps1,132,0o644,3f78bb702faf0730f21d7dfd1b98ff20cff1a1ac300f5313e6786191db40e901
scripts/bootstrap.sh,135,0o755,6b57fd4f23e1b08352ab4e842e0a216a991e2b91fb4d297a19665e7bfc0cf9c5
scripts/build_all.ps1,284,0o644,930ec5d9ddc1104bab19584619cb7316993efafe5758ff595ba9cfff39b51744
scripts/build_all.sh,516,0o755,687c5fb3d4e1ab795f8feab8a2a2c276aad5df628ac409c6c738a36a66f57d43
scripts/package_release.ps1,2244,0o644,6459c79d79349d22cb52ffd86401a61d7d6c21b77cb40fd4091a8a0ed411f1bb
scripts/package_release.sh,5869,0o755,8f69e5fdafcf0770852d2b6c248b392300b527678c69f0c1baf7893be2595eaa
scripts/test.ps1,124,0o644,ae16b1b4ebdb59cf8efab0e33cb04ad514ef09d0d419813afb087b3c0f343d13
scripts/test.sh,1307,0o755,3c8b4c2c461dde7f215e801ed4cec163d701e070c51849d4424145231519b8d5
sources/MASTER_PROMPT.md,84646,0o644,1c543751b8ed2b3fb29c751ae1056734bce5ba8a0d37b1a95523b4470eeeba5a
sources/index(10).html,2415572,0o644,d1ccff2cd15e99fe71522277d7a9abdb7688f2bf1416d9c76bd356f1312abd7d
sources/index(11).html,951629,0o644,15e9b467b8a5792d92ae2d642f558e93b48813c87f899fa806d33e12370267b5
steamworks/README.md,248,0o644,fcb640c3a29121ea4f40640913db3105ec573a560985c3f0c6a639d68aa87ede
steamworks/app_build_template.vdf,215,0o644,d2dc93396b49f456cc9f252455054db03d3e91ea1e04e88d880074086a93f4c0
steamworks/depot_linux_template.vdf,150,0o644,d1fe4c0aea94127d464775a34478ad4a2261c29a1a5c3809c041023f51f48548
steamworks/depot_macos_template.vdf,150,0o644,483f42b01dfe8e606234f24b17b957775c3c1c5067e7405ab07edb2deb3067e2
steamworks/depot_windows_template.vdf,152,0o644,4e75c733bc4c02dd04e380cfc0cf57b70759f25fa26aaa18d62043c93212294f
store/app_store/metadata.md,465,0o644,c396fa5a5e289a634d04b895a5e1bf67be4d179e385958b0df1ad1fd8c9cd516
store/google_play/metadata.md,438,0o644,3008d94153ae723e5efc4409b4e7b517862d9f82e8c6fa3ef6b77312292fc41a
store/press_kit/README.md,268,0o644,c1870ec41fdc396a555812b6d612222407d5724d72dc90e256891d56f972fdaf
store/steam/store_description.md,671,0o644,ddba15f7063718a2eeca60d2d2ca0bdbf128ae579e98d073f2fc877e1ecce683
tools/content/rebuild_activities.py,14106,0o644,3a99c1016349bd3fbb69713b6d269090ae64bf52a1a9f4375827e5e1fb92b567
tools/content/rebuild_characters.py,23879,0o644,e9fa76ed5c539c45850169817640d5c00125983c553eaa5995c4c9d0b2ec4255
tools/content/rebuild_season.py,59750,0o644,cb597afcfd593c9997a6935f6ae5ec54e897c21bd05f627458d9f2fcdb223f5f
tools/creator_studio/README.md,1235,0o644,83b02ad6aafce6058bd421a9572d00975cdff108c4049133cb653e4cd5c9944f
tools/creator_studio/campaign.schema.json,4328,0o644,76bfd4e98425bc55d2ee7b8eca03ad0bd3d12e0cdb81a6c86db782aec9109594
tools/creator_studio/example_campaign.mmc,637,0o644,b5b77ed1b357f9f726d23810db1f174295410066340bce23659bef41f5681efd
tools/creator_studio/index.html,17240,0o644,f5020fcc76998be62dc6dd801a28274efec5b9670e0df0ee1961e890f1218619
tools/creator_studio/test_roundtrip.py,2675,0o644,2965032c136b7af4a30afc354c513ae75780a644f475491e834f9a28e2e6b454
tools/release/generate_release_metadata.py,2931,0o644,f610592fdf639027b6f0750d7943534f10e6a0071f6b15b626feba9816eb4428
tools/validators/editorial_audit.py,5983,0o644,31f0c0e1b2aa4f4eaeae6bf42bea093992a95aaa30655f8d47fa29441915ac96
tools/validators/simulate_balance.py,8887,0o644,fa73047cbe829ad0658b7b94c5c9d644c3162bf570961c6be1718726e032f456
tools/validators/simulate_season.py,6895,0o644,b35366c5ef25372e32a4f6b360f9a1335f6967eeb8230ff0351f8aa4fcb14d2a
tools/validators/validate_campaign.py,2413,0o644,87cd8b4a5663e10d02cdab7821e8fed2cf0f3caa4baf8b68897ee9d27e0cef00
tools/validators/validate_project.py,7959,0o755,c78457aed929c90bfac316d1dc8624ebf879ac74e5932465afac3a42e45b0400
web_app/.gitignore,508,0o644,d132af6a69005907eaa2f0a22c27c46fa83c037e36d83445defe23a2f5c02857
web_app/.npmrc,76,0o644,494e64a8818b6158e89321250500ad5ad018e33ad5cfea06a1cacd2cf4da75fa
web_app/.openai/hosting.json,91,0o644,6faf89ff6fca52848ee5b01ec91e9e46ab2b28a05a6032a33759aa102e72c5e0
web_app/.vite/deps/_metadata.json,146,0o644,3293370462d9e76300cbd77267641782711fa5ccb5809979a80e55402a4a3a30
web_app/.vite/deps/package.json,23,0o644,3ca9d4afd21425087cf31893b8f9f63c81b0b8408db5e343ca76e5f8aa26ab9a
web_app/DEPLOY_BUILD.md,867,0o644,c3511c628979321acc257976750e3f893a7d722c1bf3732bb7f278bff31e5a6e
web_app/README.md,1462,0o644,a95c95b2b8595778fb09bdb18b9ba05a29342920c1bb4cf929607afd4f7ed068
web_app/app/chatgpt-auth.ts,2404,0o644,17a965f8948b21510cdf8ecbd70c5fdf58100e10970463f6a8fd2cc4795f8044
web_app/app/game.ts,19020,0o644,a24c2891e2dcf913d16c5904a7ea1ad212fdfe67aa9a6215b7266f835c422ae3
web_app/app/globals.css,50988,0o644,3e79525462196a8f65aaff27063ae916b9c35197430fedd73dcedba9aa4ba6ae
web_app/app/layout.tsx,1682,0o644,66babc29d34df4c5ae8ccbfbc98f61fff83a3473c948968c283e4f68f97f0103
web_app/app/page.tsx,75081,0o644,fae0c78e8c3509fc87eb262e53cf8c16b9e215c8f5115d87582bb4d080e97a45
web_app/build/sites-vite-plugin.ts,1254,0o644,81b7cbfaeb970611572256aba0e313425beb3809f6426f63750696c15d9c756b
web_app/content/season_01.json,1173949,0o644,40c144cd42f2a606ce680cee74796ff92ae9dbb4c2673668e04b18144b4223b2
web_app/db/index.ts,423,0o644,dc7610b00b918e0ffff1360a63626f16655ced3064b2eaf96095a4101fb14bcd
web_app/db/schema.ts,169,0o644,13ddacbf0be50e054d450a6c642b7fdc1aa943fd6b99084711e07e58b600390d
web_app/drizzle/meta/_journal.json,61,0o644,90cb374e093894d0efce6f1830d873a42aadd8ba49d2f024495e5cb2e1c8c303
web_app/drizzle.config.ts,148,0o644,af081f7384aaeb0082cf422e29f139d137ca2f6a57c69b2c37b9fb1f8479867b
web_app/eslint.config.mjs,465,0o644,870f1adccecf3051cbcd9fd307cef51d7633cf510979c181a81f4b1797273493
web_app/examples/d1/app/api/notes/route.ts,1700,0o644,a3d4a74fd53b7bf53e2df41f169d9d9d44a8b22aeb6d92f4e754956079af8909
web_app/examples/d1/db/schema.ts,370,0o644,d89eabd95716ce404f5f7ca2a254220435be8ddce7c899d7ef461ff22ec80454
web_app/next.config.ts,133,0o644,614bce25b089c3f19b1e17a6346c74b858034040154c6621e7d35303004767cc
web_app/package-lock.json,378856,0o644,4e835c21127715e88ba83a1ed10e7595e52933fd5606bd6ffce06ff5107ffd77
web_app/package.json,1476,0o644,610c658a92cfe747e1e7096b328685e4224456b4878be19ef6ea29aa91b12ce4
web_app/postcss.config.mjs,94,0o644,dfac7ac2d86d326a0e5adb024e7943c181393ed17a5fcb8f0315b24c7da6ddde
web_app/public/art/characters/alina.webp,12238,0o644,5c80ffd6398e68011d409cf9401ab938d8f0fc647b4dc724b1d20f6b712b2e7f
web_app/public/art/characters/eva.webp,10982,0o644,d90cb7d0ff1649146dcd94dcb87dfe7041a60462dce9d3d54d7d2854c31a72e4
web_app/public/art/characters/leon.webp,8736,0o644,63fc1a34f37f8d6a6e0158781b95b3d2bd94605c15c23959b7b32292b3b5dddf
web_app/public/art/characters/max.webp,8084,0o644,e2e5bf4e6b4df26f076895db4ffa1ff8d6c329954ac1836570738bf71c6d7191
web_app/public/art/characters/meridian-cast-atlas-v3.png,2060690,0o644,0cc037ccfff5dd7b590dd21ca4cdea4c2b0a337d8ec258005b6a51960c5135f1
web_app/public/art/characters/mira.webp,10296,0o644,5e39a99e70214ba016b46d4b9b5933e8e3c019f1c81988b57f790dd5c2072862
web_app/public/art/characters/nikita.webp,11084,0o644,282fa806f7186b90485e2759100b6aee53a051130091de634cab8498250dcfbf
web_app/public/art/characters/pavel.webp,10454,0o644,4bc05cc7a2c979b8b652ad62b6ee54c6434675d5e60746da395750a882c8f329
web_app/public/art/characters/vera.webp,9390,0o644,eb42016696b75e434424513b7a2070ada5ef67f36eaa5a5a5b2f59ebb8b4e228
web_app/public/art/key/cast-v6.avif,33396,0o644,7f455dd477e2838588b41336a17a6172d78b7956ab21caacbf227cc676b91ab3
web_app/public/art/key/cast-v6.png,1830231,0o644,4fa222a34765dfe9d046a35f863ed64f2029ee409a00b076c072895b49484b9b
web_app/public/art/key/cast-v6.webp,87024,0o644,c0dcc2524ead00fe01d145767491fb4af39534ee125fce69128b6be0d5d48daf
web_app/public/art/key/hero-desktop-v6.avif,43242,0o644,6437575b2683ed56f5d0482ffa3c1450e91b7ccedf5b5e390bf0a2a40d1bc161
web_app/public/art/key/hero-desktop-v6.png,2686877,0o644,7ccac2f7c8bb1a879891cedd9c6dade88363b498263189587410d749f2b415c7
web_app/public/art/key/hero-desktop-v6.webp,107536,0o644,42c75b9cb694c8041d5f15fafd4cf9aca6ecaed2cfe972aa64597e991f3ff653
web_app/public/art/key/hero-mobile-v6.avif,55942,0o644,879e32e1c6f097f61e118f06e7f5cb4c6c078e21811d449d08f49bbed909f97d
web_app/public/art/key/hero-mobile-v6.png,1938421,0o644,c4759cf67ede46744ee2d4b9b14cbfdc3157848cce90e45aaa59a7c785eb28c0
web_app/public/art/key/hero-mobile-v6.webp,126950,0o644,f9e995a3e5a71cc5c58d58e052b2683a69cca386abe0aa50d771037b671d3a40
web_app/public/art/key/story-meridian-archive-v7.png,1672640,0o644,8a3f4832d49a5df84bbf2a2c324e347b5fe2ad16631c0fd8c10fdb737c0a10b8
web_app/public/art/key/story-meridian-archive-v7.webp,32816,0o644,55285763e54ced0010f9672d7dbeda4cec4cefa156324693e7ee457814d263bd
web_app/public/art/key/today-before-dawn-v7.png,1752498,0o644,9fa1752a42f1046452fda090c6acc7bfb8d18e7f6705266788b08eb00f82d32a
web_app/public/art/key/today-before-dawn-v7.webp,39228,0o644,e871d69fd2a6019fe69dbc0d6341484e48946e7d4c6d99e186f8cd06cc0f909f
web_app/public/art/locations/meridian-map.webp,127416,0o644,af9a9488bee5ffb9ee0ed9195fa8db4a5303c6bc6b5b5179d3318d2af9c100f8
web_app/public/art/locations/meridian-world-state-v7.png,2212031,0o644,f1ea5a0180839fdf66362469164713c200ff10053dcd99d4c0cabbd5530358b6
web_app/public/art/locations/meridian-world-state-v7.webp,144712,0o644,12d1293bb039b78fe5340315bbf4784fe6f97896d37ac8fe1d6276a59cff2ffd
web_app/public/content/characters.json,51125,0o644,26a22f283ccedfae21a5275a658dd29a64d9ca8d1c2df3b2e7d3b1fd6a2d3efe
web_app/public/content/events.json,254176,0o644,f017ee65e8e3f9968369b84906dbeddc72671a3feb5d77e07c2fdfd583620a0d
web_app/public/content/exercises.json,3232253,0o644,26922cc0e6d8a8a584d40fe2d21dbd669bc65b5e93c1978a97b4f81fdf3702d0
web_app/public/content/quests.json,383146,0o644,7bc4f373d92b086da422fefb1b041ac42dd2a7a3f37d132b1652ab8e33615eee
web_app/public/content/season_01.json,1173949,0o644,40c144cd42f2a606ce680cee74796ff92ae9dbb4c2673668e04b18144b4223b2
web_app/public/creator-studio/campaign.schema.json,4328,0o644,76bfd4e98425bc55d2ee7b8eca03ad0bd3d12e0cdb81a6c86db782aec9109594
web_app/public/creator-studio/example_campaign.mmc,637,0o644,b5b77ed1b357f9f726d23810db1f174295410066340bce23659bef41f5681efd
web_app/public/creator-studio/index.html,17240,0o644,f5020fcc76998be62dc6dd801a28274efec5b9670e0df0ee1961e890f1218619
web_app/public/favicon.svg,431,0o644,987f527beb25907e549a84aa67eb24f38b4643b4d20520ac794c4630971f1a99
web_app/public/file.svg,391,0o644,2b67812c325c199a02536cdbeea0c593a72f707d323b72ee3e08dbab06753bd4
web_app/public/globe.svg,1035,0o644,b614b9bf183925957661ac851498fe1d8029fd43a62fbfed86f9e2624a57e7cf
web_app/public/icon-192.png,9298,0o644,a6b92a9ad367526f75fa9a071d13165b22e96f19666f8b293ac5d614dfbabbc2
web_app/public/icon-512.png,53390,0o644,6ab5c32651d2cc1945d6ae2c0e89f2646207223f40c22e41cd6ae0fd0a129a08
web_app/public/manifest.webmanifest,1162,0o644,0e70ef202f753bb29487c85009cefed4576a0f49f30dd17e5a257c75326a4601
web_app/public/og-recode-v6.jpg,35702,0o644,95208b6b26bc2e8ab9839f8b585313d727ae0858a3ecf54cdc949c4d636d847e
web_app/public/og-recode-v7.jpg,164628,0o644,6868dca8eb920f073b142a022054b2a3df0942e717f4328ce5241bd25b15e54d
web_app/public/recode-character-ensemble.webp,68088,0o644,2ed472d7b751895c0c6449c43cc4648854dc06efe3b06a4a381c02c428a33221
web_app/public/recode-meridian-hero.webp,56090,0o644,472c36b9f7784ef882e67e1543b7ba7aa0671fed571fd1fdeadedf7a3f7ade36
web_app/public/sw.js,2146,0o644,ff97937721aea48cfcaf42d518fa4269386f38f8012c23af677acf3a7cc801e8
web_app/public/window.svg,385,0o644,644768c4aaeb4767bce293344eeb0c125fb804a94d801440424072202d85e3a1
web_app/scripts/build-verified.sh,710,0o755,41714b636524ed4aa1eb5a77a4c95a6471fd53d2957e852ccf187f9335eee17f
web_app/scripts/install-ci.sh,6430,0o755,c86541a04dec39f982eb6b103b60e3b376c518e84816b7876635877fb4c8569f
web_app/scripts/refine-narrative.mjs,30595,0o644,455d0ec6184b3e2c2a872ca0b6ea87f3a8122f96bc607ebd7b40ffb9289dad44
web_app/scripts/sites-env.sh,1530,0o755,df86ebfc27d2f00860036658e933ac0ddd7b5f6879aa5d51218f0863c7e1fb60
web_app/scripts/validate-artifact.sh,1220,0o755,826354a781d909a664342b6a6f1a3155529e21f757dc163befa937420c713c2b
web_app/tests/bundle-budget.test.mjs,1632,0o644,da2d41a5b866cd261ca539619daa6d8ba1c8c33322a72e5eba5c94d9294dc02d
web_app/tests/editorial-quality.test.mjs,2002,0o644,b3010cd9ef0e743ed509e700881d24eaf5497057d380bdb156378533c2a038c9
web_app/tests/rendered-html.test.mjs,1341,0o644,ac4b860c305956444cf7242c4199837a285e6f4a307fc6b56c3ffd5aa83f6269
web_app/tests/save-and-rules.test.mjs,3801,0o644,6aaabb5934cb3f3227330a364315b4e18885c2d1ed62033b573cb8eedf9cb332
web_app/tsconfig.json,666,0o644,be18523b23b78b6e1a876ddd107d330f0168bddf09d751b57e0b5edce69c66f3
web_app/tsconfig.typecheck.json,295,0o644,0c78eaa10f17472ebfed99f3a61e527f9ee719effffd56ea255f2bdcb2f26fe7
web_app/vite.config.ts,1807,0o644,43e5f02f727ca043f08ebf34789f330580a7a0cb90f426c92f4a454d066988fc
web_app/worker/index.ts,1731,0o644,2ed36d7fa996e946d9d7695c5925e7760246f6bf8fa35c06f1bc515c087dc450
